category,subject,source,document,date,accession_or_citation,url,locator,quote,what_it_shows
fasb_admission,Omitted or unclear guidance,FASB,ASU 2016-19,2016-12,,https://storage.fasb.org/ASU%202016-19.pdf,BC16,"When guidance was omitted or unclear, some entities may not have applied that guidance as intended.",The FASB concedes that omitted or unclear Codification text led some entities to misapply it.
fasb_admission,Codification improvements,FASB,ASU 2018-09,2018-07,,https://storage.fasb.org/ASU%202018-09.pdf,Summary,guidance that may have been incorrectly or inconsistently applied by certain entities,The FASB concedes that the text it corrects may have been misapplied.
fasb_admission,Codification feedback,FASB,ASU 2018-09,2018-07,,https://storage.fasb.org/ASU%202018-09.pdf,Background,items raised for Board consideration through the Codification's feedback system,Corrections originate in reader reports.
fasb_admission,Hedging transition date,FASB,ASU 2019-04,2019-04,,https://storage.fasb.org/ASU%202019-04.pdf,BC99,many entities were aware of the error and reflected the adjustments correctly ... the Board wanted to provide specific guidance for those entities that did not do so,Some entities applied text the FASB later called incorrect.
fasb_admission,"Fair value, Subtopic 718-40 glossary",FASB,ASU 2015-10,2015-06,,https://storage.fasb.org/ASU%202015-10.pdf,Amendment 52,the glossary (Section 718-40-20) for Subtopic 718-40 was incorrectly codified with the definition of fair value from Statement 123(R),A wrong fair value glossary definition in Topic 718 stood from 2009 to 2015; precedent for the 718-30-35-1 link.
fasb_admission,Lessor day-one losses,FASB,ASU 2018-10,2018-07,,"https://storage.fasb.org/ASU%202018-10,0.pdf",BC9,a day-1 loss is the intended accounting outcome,The Board's 2018 position on the outcome it reversed in 2021.
fasb_admission,Lessor day-one losses,FASB,ASU 2021-05,2021-07,,https://storage.fasb.org/ASU%202021-05.pdf,BC9-BC10,the resulting day-one loss issue was not identified or discussed by the Board ... reporting outcomes that do not reflect the economics of the transaction,The Board concedes the Topic 842 text produced losses that did not reflect economics.
reported_numbers,Lessor day-one losses,The AES Corporation (CIK 874761),Form 10-K FY2019,2020-02-28,0000874761-20-000012,https://www.sec.gov/Archives/edgar/data/874761/000087476120000012/a2019form10-k.htm,Leases note,"the Company recorded losses at commencement of sales-type leases of $36 million for the year ended December 31, 2019",$36 million loss under the Topic 842 text the FASB later amended.
reported_numbers,Lessor day-one losses,The AES Corporation (CIK 874761),Form 10-Q Q1 2022,2022-05-05,0000874761-22-000046,https://www.sec.gov/Archives/edgar/data/874761/000087476122000046/aes-20220331.htm,Leases note,"recorded a loss at commencement of sales-type leases of $13 million for the three months ended March 31, 2021 ... The Company adopted this standard on a prospective basis.",$13 million loss in 2021; prospective adoption of ASU 2021-05 left it in reported results.
reported_numbers,Lessor day-one losses,Natus Medical Incorporated (CIK 878526),Form 10-K FY2020,2021-02-26,0000878526-21-000020,https://www.sec.gov/Archives/edgar/data/878526/000087852621000020/ntus-20201231.htm,Statement of cash flows,"Loss on commencement of sales-type leases 1,881",$1.9 million (thousands) loss on leases whose variable fees were excluded from the receivable.
law,Related entity,U.S. Department of Education,34 C.F.R. 668.23(d)(1),2026-09-11,eCFR,https://www.ecfr.gov/current/title-34/section-668.23,(d)(1),a detailed description of related entities based on the definition of a related entity as set forth in Accounting Standards Codification (ASC) 850,The regulation relies on a glossary definition the Topic 850 glossary does not contain (it defines related parties).
law,Lease accounting and composite scores,U.S. Department of Education,84 Fed. Reg. 49788 (final rule),2019-09-23,FR Doc. 2019-19309,https://www.govinfo.gov/content/pkg/FR-2019-09-23/html/2019-19309.htm,49892,the new FASB lease standard could negatively affect or cause an institution to fail the composite score and the Department has no mechanism to make a timely adjustment,A federal eligibility test absorbs Codification changes it cannot adjust for in time.
law,Lease accounting and composite scores,U.S. Department of Education,84 Fed. Reg. 49788 (final rule),2019-09-23,FR Doc. 2019-19309,https://www.govinfo.gov/content/pkg/FR-2019-09-23/html/2019-19309.htm,49871,could have a detrimental impact on an institution's composite score even in cases where the underlying financial condition of the institution may not have changed,"The Department grandfathered pre-December 15, 2018 leases."
law,Superseded standard in statute,United States Code,12 U.S.C. 5237,2026-09-29,"Pub. L. 110-343, sec. 132",https://uscode.house.gov/view.xhtml?req=granuleid:USC-prelim-title12-section5237&num=0&edition=prelim,(a),the application of Statement Number 157 of the Financial Accounting Standards Board,Current statute names a standard the Codification superseded in 2009.
filing_trace,Restructuring,SEC Division of Corporation Finance to Stryker Corporation (CIK 310764),Staff comment letter (UPLOAD),2023-04-11,0000000000-23-003606,https://www.sec.gov/Archives/edgar/data/310764/000000000023003606/filename2.txt,Comment 3,your conclusion that these costs are not within the scope of ASC 420 as the costs do not meet the FASB Codification definition of restructuring,The registrant relied on the glossary definition that defers to IAS 37.
filing_trace,Restructuring,Stryker Corporation (CIK 310764),Response letter (CORRESP),2023-04-25,0000310764-23-000060,https://www.sec.gov/Archives/edgar/data/310764/000031076423000060/filename1.htm,Response to comment 3,"While they do not qualify as a restructuring as defined by ASC 420, most of these charges were subject to the guidance in ASC 420-10-15-3(b) and (c).","Charges of $99m, $83m and $98m (2022-2020) conceded to be within Subtopic 420-10; future disclosure undertaken."
filing_trace,"Fair value, Topic 718 vs 820","SEC Division of Corporation Finance to Freedom Holdings, Inc. (CIK 1386044)",Staff comment letter (UPLOAD),2021-10-14,0000000000-21-012458,https://www.sec.gov/Archives/edgar/data/1386044/000000000021012458/filename2.txt,,share-based payment transactions are not within the scope of ASC 820-10-15-2(a). Please refer to ASC 718-10-30,Staff corrects the reading the 718-30-35-1 link invites.
filing_trace,"Fair value, Topic 718 vs 820","Freedom Holdings, Inc. (CIK 1386044)",Response letter (CORRESP),2021-11-30,0001477932-21-008864,https://www.sec.gov/Archives/edgar/data/1386044/000147793221008864/filename1.htm,,U.S. GAAP Definition - Fair Value ... The price that would be received to sell an asset or paid to transfer a liability,The reply still lists the Topic 820 exit price among its bases.
filing_trace,"Fair value, Topic 718 vs 820",Urovant Sciences Ltd. (CIK 1740547),Form 10-K FY ended 2020-03-31,2020-06-19,0001564590-20-029968,https://www.sec.gov/Archives/edgar/data/1740547/000156459020029968/urov-10k_20200331.htm,Fair value note,classified as a Level 3 measurement within the fair value hierarchy ... assumptions and estimates the Company believed would be made by a market participant,$7.2 million of share-based compensation liabilities presented in Topic 820 terms.
filing_trace,"Fair value, Topic 718 vs 820","Brag House Holdings, Inc. (CIK 1903595)",Form 10-K FY2025,2026-03-31,0001213900-26-036715,https://www.sec.gov/Archives/edgar/data/1903595/000121390026036715/ea0279601-10k_braghouse.htm,Fair value note,"In accordance with ASC 820, ... the Company uses various inputs to measure the fair value of its stock-based compensation liability",A stock-based compensation liability measured under Topic 820.
practice_guide,"Fair value, Topic 718 vs 820",Ernst & Young LLP,Financial Reporting Developments: Share-based payment,2026-07,,https://www.ey.com/content/dam/ey-unified-site/ey-com/en-us/technical/accountinglink/documents/ey-frd06440-191us-07-29-2026.pdf,Section 3.2.2,This should not be confused with a strict definition of fair value or any other definition of fair value included in other sources of GAAP.,"Printed after 718-30-35-1, whose link reaches the Topic 820 definition."
practice_guide,Superseded entries,Deloitte & Touche LLP,"Roadmap: Statement of Cash Flows, Appendix B",2026-09-28,,https://dart.deloitte.com/USDART/home/codification/presentation/asc230-10/roadmap-statement-cash-flow/appendix-b-glossary-selected-terms/appendix-b-glossary-selected-terms,Appendix B,Capital Lease Glossary term superseded by Accounting Standards Update No. 2016-02.,A superseded placeholder reprinted as a definition in practitioner guidance.
