slug,term,opus_sound,opus_codes,sonnet_sound,sonnet_codes,detector_codes
12b-1,12b-1,False,MALFORMED;POINTER,False,NONAUTH;POINTER,
401-h-accounts,401(h) account,True,,True,NONAUTH,
time-and-material-contracts,A time-and-material contract,True,MALFORMED;STALE,False,MALFORMED,
unit-price-contracts,A unit-price contract,True,MALFORMED;STALE,False,MALFORMED,
absolute-priority-doctrine,absolute priority doctrine,True,MALFORMED;UNDEF,True,,
accident-year,Accident Year,True,,True,,
accounting-change,accounting change,True,,True,,
accretion-expense,Accretion Expense,True,,True,,
accumulated-benefit-obligation,accumulated benefit obligation,True,,True,,
accumulated-eligibility-credits,accumulated eligibility credits,True,MALFORMED,True,,
accumulated-plan-benefits,accumulated plan benefits,True,CIRC,False,CIRC,CIRC
accumulated-postretirement-benefit-obligation,accumulated postretirement benefit obligation,True,,True,,
accumulation-phase,accumulation phase,True,,True,,
acquiree,Acquiree,True,CIRC,True,,
acquirer,Acquirer,False,CIRC;PENDING,True,PENDING,PENDING
acquisition-by-a-not-for-profit-entity,Acquisition by a Not-for-Profit Entity,True,MALFORMED,True,CIRC,CIRC
acquisition-costs,Acquisition Costs,True,,True,,
acquisition-date,acquisition date,True,,True,,
acquisition-of-properties,Acquisition of Properties,True,POINTER,False,POINTER,POINTER
acquisition-development-and-construction-arrangements,"Acquisition, Development, and Construction Arrangements",True,,True,,
active-market,Active Market,True,,True,,
active-plan-participant,active plan participants,True,,True,,
activities,activities,False,INCONS;MALFORMED,True,,
actual-return-on-plan-assets-component-of-net-periodic-pension-cost,Actual return on plan assets,False,HOMONYM,False,HOMONYM,HOMONYM
actual-return-on-plan-assets-component-of-net-periodic-postretirement-benefit-cost,Actual return on plan assets,True,HOMONYM,True,HOMONYM,HOMONYM
actual-income-available-method,actual-income-available,True,MALFORMED,True,,
actuarial-asset-value,Actuarial asset value,True,,True,,
actuarial-calculation,actuarial calculation,False,INCONS,True,CIRC,CIRC
actuarial-calculation-date,actuarial calculation date,True,,True,CIRC,CIRC
actuarial-cost-method,actuarial cost method,True,,True,,
actuarial-present-value,actuarial present value,True,,True,,
actuarial-present-value-of-accumulated-plan-benefits,actuarial present value of accumulated plan benefits,True,CIRC,True,CIRC,CIRC
adequate-compensation,adequate compensation,True,,True,,
administrative-expenses,Administrative expenses,True,,True,,
administrative-service-arrangement,administrative service arrangements,True,,True,,
advance-payments,Advance payments,True,,True,,
advance-refunding,Advance Refunding,True,,True,,
advance-royalty,advance royalties,True,,True,,
advances,Advances,True,,True,,
affiliate,Affiliate,True,HOMONYM,True,,
affiliated-entity,affiliated entity,True,,True,,
agency-transaction,Agency Transaction,True,,True,,
agent,agent,True,SCOPECONF,True,,
agricultural-cooperative,Agricultural Cooperative,False,CIRC;MALFORMED,False,CIRC;NONAUTH,CIRC
agricultural-producers,agricultural producers,True,,True,,
air-carrier,air carrier,True,UNDEF,True,,
airframe,Airframe,True,,True,,
airframe-modifications,Airframe modifications,True,,True,,
airworthiness,airworthiness,True,,True,,
all-in-one-hedge,all-in-one hedge,True,,True,,
allocated-shares,allocated shares,True,,True,,
allowable-costs,allowable costs,True,MALFORMED,True,,
allowance-for-funds-used-during-construction,allowance for funds used during construction,True,,True,,
allowed-claim,allowed claims,True,,True,MALFORMED,
alternative-minimum-tax,alternative minimum tax,True,,True,,
amenities,amenities,True,INCONS,True,POINTER,
amortization,Amortization,True,SCOPECONF,True,,
amortized-cost-basis,Amortized Cost Basis,True,,True,,
annual-policyholder-dividends,Annual policyholder dividends,True,UNDEF,True,,
annuitization,annuitization,True,,True,,
annuity-contract,annuity contract,True,,True,,
annuity-trust,annuity trust,False,INCONS;POINTER,False,POINTER,POINTER
antidilution,antidilution,True,,True,,
applicable-statutory-federal-income-tax-rate,applicable statutory Federal income tax rate,False,POINTER,False,NONAUTH;POINTER,POINTER
assessment-entities,Assessment entities,True,,True,,
asset-group,asset group,True,,True,,
asset-retirement-cost,asset retirement cost,True,,True,,
asset-retirement-obligation,Asset Retirement Obligation,True,INCONS,True,,
assigned-amounts,assigned amounts,True,,True,,
associate,associate,False,POINTER,False,DANGLING;POINTER,DANGLING;POINTER
association,association,True,,True,,
assumed-per-capita-claims-cost-by-age,assumed net incurred claims cost,False,INCONS;MALFORMED,False,MALFORMED,
assuming-entity,assuming entity,True,,True,CIRC,CIRC
assumptions,Assumptions,True,,True,,
asymmetrical-default-provision,asymmetrical default provision,True,,True,,
attached-call-option,attached call option,True,,True,,
attribute,attribute,True,,True,,
attribution,Attribution,True,,True,,
attribution-period,attribution period,True,,True,CIRC,CIRC
auction-rate-notes,Auction Rate Notes,True,,True,,
automatic-stay-provisions,automatic stay provisions,True,,True,,
available-for-sale-securities,Available-for-Sale Securities,False,INCONS;STALE,True,,
award,Award,True,,True,,
baby-bonds,baby bonds,True,POINTER,False,CIRC;POINTER,CIRC;POINTER
backplant,backplant,True,,False,SELF;UNDEF,
balance-sheets,Balance sheets,True,POINTER,False,NONAUTH;POINTER,POINTER
bankruptcy-code,Bankruptcy Code,True,,True,,
bankruptcy-court,Bankruptcy Court,True,,True,,
bankruptcy-remote-entity,Bankruptcy-Remote Entity,True,,True,,
bargaining-cooperative,bargaining cooperatives,True,,False,UNDEF,
base-contract,base contract,True,,True,,
base-jackpot,Base Jackpot,True,,True,,
basic-earnings-per-share,basic earnings per share,True,,True,,
benchmark-interest-rate,Benchmark Interest Rate,True,,True,,
beneficial-interests,Beneficial Interests,True,,True,,
benefit-formula,benefit formula,True,POINTER,False,DANGLING;POINTER,DANGLING;POINTER
benefit-information,benefit information,True,,True,,
benefit-information-date,benefit information date,False,CIRC,False,CIRC,CIRC
benefit-period,benefit period,True,,True,,
benefit-security,Benefit security,True,,False,NONAUTH,
benefit-years-of-service-approach,benefit-years-of-service approach,True,,True,,
benefits,Benefits,False,HOMONYM,False,HOMONYM,HOMONYM
benefit,benefits,False,HOMONYM;INCONS;POINTER,False,DANGLING;HOMONYM;POINTER,DANGLING;HOMONYM;POINTER
benefits-of-servicing,benefits of servicing,False,INCONS,True,,
bid-ask-spread,bid-ask spread,True,,True,,
binder-date,binder date,True,,True,,
blackout-period,blackout periods,True,,True,,
blended-rate-loans,Blended-rate loans,True,,True,,
blind-pool-or-partially-blind-pool-partnerships,blind pool,True,,True,,
board-contingent-plan,board-contingent plan,True,,True,,
board-designated-endowment-fund,Board-Designated Endowment Fund,False,INCONS,False,CIRC,CIRC
board-designated-net-assets,Board-Designated Net Assets,True,,True,,
box-spread,box spreads,True,MALFORMED,True,,
breeding-herds,breeding herds,True,,True,,
broadcaster,Broadcaster,True,,True,,
broker-assisted-cashless-exercise,Broker-Assisted Cashless Exercise,True,STALE,True,,
brokered-market,Brokered Market,True,,True,,
business,Business,False,POINTER,False,POINTER,POINTER
business-combination,Business Combination,True,,True,,CIRC
business-interruption-insurance,Business Interruption Insurance,True,,True,,
cable-television-plant,cable television plant,True,,True,,
calculated-value,calculated value,True,,True,UNDEF,
call-option,call option,True,,True,POINTER,
capacity-contract,capacity contract,True,,True,,
capital-infusions,capital infusions,True,,True,,
capitalization-rate,capitalization rate,True,,True,SELF,
capitalize,capitalize,True,,True,,
captive-insurer,captive insurer,True,UNDEF,True,,
career-average-pay-formula,career-average-pay,True,,True,MALFORMED,
carrybacks,carrybacks,True,,True,,
carryforwards,carryforwards,True,,True,,
carrying-amount,carrying amount,False,INCONS;STALE,True,,
cash,Cash,True,,True,,
cash-advance-method,cash advance method,True,,True,,
cash-consideration,Cash Consideration,True,,True,INCONS,
cash-equivalents,cash equivalents,True,,True,,
cash-flow-hedge,cash flow hedge,True,,True,,
cash-flows-expected-at-acquisition,Cash Flows Expected at Acquisition,True,,True,POINTER,
cash-surrender-value,cash surrender value,True,,True,INCONS,
cashless-exercise,cashless exercise,True,POINTER,False,POINTER,POINTER
causes,causes,True,SELF,True,,
cease-use-date,Cease-Use Date,True,,True,,
ceding-entity,ceding entity,True,,False,CIRC,CIRC
certificates,certificates,True,,True,INCONS,
change-in-accounting-estimate,change in accounting estimate,True,,True,,
change-in-accounting-estimate-effected-by-a-change-in-accounting-principle,change in accounting estimate effected by a change in accounting principle,True,,True,,
change-in-accounting-principle,change in accounting principle,True,,True,,
change-in-the-reporting-entity,change in the reporting entity,True,,True,,
chapter-11,Chapter 11,True,,True,,
chapter-7,Chapter 7,True,,True,,
charitable-gift-annuity,Charitable gift annuities,True,MALFORMED,True,,
charitable-lead-annuity-trust,Charitable lead annuity trust,True,,True,,
charitable-lead-trust,charitable lead trust,True,,True,,
charitable-lead-unitrust,Charitable lead unitrust,True,,True,,
charitable-remainder-annuity-trust,Charitable remainder annuity trust,True,,True,,
charitable-remainder-trust,charitable remainder trust,True,,True,,
charitable-remainder-unitrust,Charitable remainder unitrust,True,,True,,
charity-care,Charity care,True,,True,,
chips,chips,True,,True,,
claim,claim,True,,True,,
claim-adjustment-expenses,claim adjustment expenses,True,,True,,
claims-stabilization-reserve,claims stabilization reserve,True,MALFORMED,False,SCOPECONF,
class-of-financing-receivable,Class of Financing Receivable,True,,True,,
cleanup-call-option,Cleanup Call Option,True,,True,,
closed-block,closed block,True,,True,,
closed-end-funds,closed-end funds,True,,True,,
closed-form-model,closed-form model,True,,True,,CIRC
closure,closure,True,,True,,
coding,coding,True,,True,,
collaborative-arrangement,collaborative arrangements,True,,True,,
collateral,collateral,True,,True,,
collateral-split-dollar-life-insurance,collateral assignment split-dollar life insurance,True,,True,,
collateralized-financing-entity,Collateralized Financing Entity,True,,True,,
collections,Collections,True,,True,,
combination-award,combination award,True,,True,INCONS,
combined-financial-statements,combined financial statements,True,,True,,
commencement-date-of-the-lease-commencement-date,Commencement Date of the Lease (Commencement Date),True,,True,,
commercial-letter-of-credit,Commercial letters of credit,True,,True,,
commercial-production,commercial production,True,,True,,
commitment-fees,commitment fees,True,,True,,
committed-to-be-released-shares,committed to be released,True,,True,,
common-costs,Common costs,True,,True,,
common-interest-realty-association,common interest realty associations,True,,True,,
common-property,common property,True,,True,,
common-stock,common stock,True,,True,INCONS,
communication-date,communication date,True,,True,,
compensated-absences,compensated absences,True,,True,,
compensation,compensation,True,,True,INCONS,
compensation-plan,compensation plan,False,INCONS,False,HOMONYM,
compliance-environmental-credit,Compliance Environmental Credit,True,,False,PENDING,PENDING
component-of-an-entity,component of an entity,True,,True,,
comprehensive-income,Comprehensive Income,True,CIRC,False,CIRC,CIRC
condensate,Condensate,True,,True,,
condensed-statements,Condensed Statements,True,,True,PENDING,PENDING
conditional-asset-retirement-obligation,conditional asset retirement obligation,True,,True,,
conditional-contribution,Conditional Contribution,True,,True,,
conditional-promise-to-give,Conditional Promise to Give,True,,True,,
condominium,condominium,True,,True,,
conduit-debt-securities,Conduit Debt Security,True,,True,,
confirmed-plan,confirmed plan,False,MALFORMED;STALE,True,,
consent-decree,consent decree,True,,True,,
consenting-classes,consenting classes,True,,True,,
consideration-in-the-contract,Consideration in the Contract,False,POINTER,False,POINTER,POINTER
consolidated-affiliate,Consolidated Affiliate of the Transferor,False,MALFORMED,True,,
consolidated-financial-statements,consolidated financial statements,True,,True,,
consolidated-group,consolidated group,True,,True,,
consolidation,consolidation,True,,True,,
consumer-price-index-for-all-urban-consumers,Consumer Price Index for All Urban Consumers,True,,True,,
contingency,contingencies,True,,True,,
contingent-consideration,Contingent consideration,True,,True,,
contingent-issuance,contingent issuance,True,,True,,
contingent-stock-agreement,contingent stock agreement,True,,False,CIRC,CIRC
contingent-deferred-sales-load,Contingent-Deferred Sales Load,True,,True,,
contingently-convertible-instruments,contingently convertible instruments,True,,True,,
contingently-issuable-shares,contingently issuable shares,True,,False,CIRC,CIRC
continuing-franchise-fees,continuing franchise fees,True,,True,,
continuing-involvement,Continuing Involvement,True,,True,,
contract,Contract,True,,True,,
contract-asset,contract assets,True,,True,,
contract-exchange,contract exchange,True,,True,,
contract-liability,contract liabilities,True,,True,,
contract-period,Contract Period,True,,True,CIRC,CIRC
contract-rate,Contract Rate,True,,True,,
contract-value,Contract Value,True,,True,,
contract-value-of-a-fully-benefit-responsive-investment-contract,Contract Value of a Fully Benefit-Responsive Investment Contract,True,,True,,
contractor,contractors,True,,True,,
contractually-specified-component,contractually specified component,False,PENDING,False,PENDING;STALE,PENDING;STALE
contractually-specified-servicing-fees,Contractually Specified Servicing Fees,True,,True,,
contribution,Contribution,True,,True,,
contributions-receivable,Contributions Receivable,False,INCONS,True,,
contributory-plan,Contributory Plan,True,,True,,
control,control,True,,True,,
control-of-a-not-for-profit-entity,Control of a Not-for-Profit Entity,False,POINTER,False,POINTER,POINTER
controlled-amortization-method,controlled amortization method,True,UNDEF,True,,
conversion,conversion,True,,True,,
conversion-rate,conversion rate,True,CIRC,False,CIRC,CIRC
convertible-security,convertible security,False,CIRC;SELF,False,CIRC,CIRC
cooperative-housing-corporation,Cooperatives,True,MALFORMED,False,MALFORMED,
corporate-joint-venture,Corporate Joint Venture,True,,False,CIRC,CIRC
corrective-action,corrective action,True,,True,,
cost-approach,Cost Approach,True,,True,,
cost-of-insurance,cost of insurance,True,,True,,
cost-recovery-method,cost recovery method,False,INCONS;STALE,True,,
cost-plus-fixed-fee-contract,cost-plus-fixed-fee contracts,True,,True,,
cost-sharing-provisions-of-the-plan,cost-sharing provisions of the plan,True,,True,,
cost-type-contracts,cost-type (including cost-plus) contract,True,STALE,False,DANGLING,
costs-incurred-to-rent-real-estate-projects,costs incurred to rent real estate projects,True,,True,,
costs-incurred-to-sell-real-estate-projects,Costs incurred to sell real estate projects,True,,False,STALE,
costs-of-joint-activities,costs of joint activities,True,,True,,
coverage,coverage,True,,True,,
coverage-period,coverage period,True,POINTER,False,POINTER,CIRC;POINTER
cram-down-provisions,cram-down provisions,False,INCONS,True,,
credit-card-fees,credit card fees,True,,True,,
credit-derivative,credit derivative,True,,True,,
credit-life-insurance,credit life insurance,True,,True,,
credit-quality-indicator,Credit Quality Indicator,True,INCONS,True,,
credit-risk,Credit Risk,False,INCONS;UNDEF,True,,
credited-service-period,credited service period,True,,True,CIRC,CIRC
crop-development-costs,crop development costs,True,,True,,
crops,crops,True,,True,,
cross-volatility,cross-volatility,True,,True,,
currency-risk,Currency Risk,True,,True,,
current-assets,current assets,True,,True,,
current-cost-constant-purchasing-power-accounting,current cost-constant purchasing power,True,MALFORMED,True,,
current-liabilities,current liabilities,True,,True,,
current-shareholders,current shareholders,True,,True,,
current-tax-expense-or-benefit,Current Tax Expense (or Benefit),True,,True,,
plan-curtailment,curtailment,True,,False,HOMONYM,HOMONYM
curtailment,curtailment,True,POINTER,False,DANGLING;HOMONYM;POINTER,DANGLING;HOMONYM;POINTER
curtailment-of-a-postretirement-benefit-plan,curtailment of a defined benefit postretirement plan,True,,True,,
customer,Customer,True,,True,,
customer-support,customer support,True,,True,,
date-of-demutualization,date of demutualization,True,UNDEF,True,,
day-one-bonus,day-one bonuses,True,POINTER,False,POINTER,POINTER
daylight-overdraft,daylight overdraft,True,,True,,
daypart,daypart,True,,True,,
dealer-market,Dealer Market,True,,True,,
debt-security,Debt Security,True,,True,,
debt-equity-swap,Debt-equity swap,False,INCONS,True,,
debtor-in-possession,debtor-in-possession,True,,True,,
decision-maker,Decision Maker,True,,True,,
decision-making-authority,Decision-Making Authority,True,,True,,
deductible-temporary-difference,deductible temporary difference,True,CIRC,False,CIRC;POINTER,CIRC
defensive-intangible-asset,defensive intangible asset,True,,True,,
deferment,deferment,True,,True,,
deferred-acquisition-costs-tax,deferred acquisition costs tax,True,,True,INCONS,
deferred-tax-asset,deferred tax asset,True,CIRC,False,CIRC,CIRC
deferred-tax-consequences,deferred tax consequences,True,CIRC,False,CIRC,CIRC
deferred-tax-expense-or-benefit,Deferred Tax Expense (or Benefit),True,MALFORMED;STALE,True,,
deferred-tax-liability,deferred tax liability,True,,True,,
defined-benefit-plan,Defined Benefit Plan,True,SCOPECONF,True,,
defined-contribution-plan,Defined Contribution Plan,True,HOMONYM,True,,
delayed-equity-investment,Delayed Equity Investment,True,STALE,True,,
demutualization,demutualizations,True,,True,MALFORMED,
dependency-status,dependency status,True,,True,,
deposit-method,deposit method,True,UNDEF,True,,
derecognize,derecognize,True,,True,,
derivative-financial-instrument,Derivative Financial Instrument,True,,True,,
derivative-instrument,derivative instruments,False,POINTER,False,DANGLING;POINTER,DANGLING;POINTER
derived-service-period,derived service period,True,,True,,
detail-program-design,detail program design,True,,True,,
developed-oil-and-gas-reserves,Developed Oil and Gas Reserves,False,POINTER,False,POINTER,POINTER
development-costs,Development Costs,False,POINTER,False,POINTER,POINTER
development-well,development wells,True,,True,,
developmental-costs,Developmental costs,True,,True,,
diluted-earnings-per-share,diluted earnings per share,True,,True,,
dilution,dilution,True,,True,UNDEF,
direct-effects-of-a-change-in-accounting-principle,Direct Effects of a Change in Accounting Principle,True,,True,,
direct-financing-lease,Direct Financing Lease,False,CIRC;HOMONYM,False,CIRC;HOMONYM,CIRC;HOMONYM
direct-financing-leases,direct financing lease,False,HOMONYM;STALE,False,CIRC;HOMONYM;STALE,CIRC;HOMONYM;STALE
direct-guarantee-of-indebtedness,Direct Guarantee of Indebtedness,True,,True,,
direct-loan,direct loan,True,,True,,
direct-loan-origination-costs,direct loan origination costs,True,,True,,
disclosure-statement,disclosure statement,True,,True,,
discount,discount,True,,True,POINTER,
discount-rate,Discount Rate,True,CIRC,True,CIRC,CIRC
discount-rate-adjustment-technique,discount rate adjustment technique,True,CIRC,True,CIRC,CIRC
discount-rate-for-the-lease,Discount Rate for the Lease,False,INCONS,True,,
disposal,disposal,False,INCONS;MALFORMED,True,,
disposal-group,Disposal Group,True,,True,,
distribution-costs,distribution costs,True,,True,,
distribution-form-demutualization,distribution-form demutualization,True,,True,,
distributor,distributor,True,,True,NONAUTH,
dividend-fund-interest-rate,dividend fund interest rate,True,UNDEF,True,,
dividend-scales,dividend scales,True,,True,,
dividend-to-policyholders,Dividend to Policyholders,True,,True,,
dividends,dividends,True,SELF,True,,
dollar-roll-repurchase-agreement,dollar-roll repurchase agreement,True,,True,,
donor-imposed-condition,Donor-Imposed Condition,True,,True,,
donor-imposed-restriction,Donor-Imposed Restriction,True,,True,,
donor-restricted-endowment-fund,Donor-Restricted Endowment Fund,True,CIRC,False,CIRC,CIRC
donor-restricted-support,Donor-Restricted Support,True,,True,,
down-round-feature,Down Round Feature,True,,True,,
downgrade,downgrade,True,,True,,
dropdown,Dropdown,True,,True,,
earnings-or-losses-of-an-investee,earnings or losses of an investee,True,,True,,
earnings-per-share,Earnings Per Share,True,,True,,
earnings-protection-benefit,earnings protection benefit,True,,True,,
economic-interest,Economic Interest,True,,False,DANGLING,DANGLING
economic-interest-in-an-entity,economic interest in the entity,True,,True,MALFORMED,
economic-life,Economic Life,True,,True,,
effective-date-of-the-modification,Effective Date of the Modification,True,,True,,
effective-interest-rate,Effective Interest Rate,False,INCONS,True,,
effective-notional-amount,effective notional amount,True,UNDEF,True,,
electronic-ticket,electronic tickets,True,MALFORMED,True,MALFORMED,
embedded-call-option,embedded call option,True,,True,,
embedded-credit-derivative,Embedded Credit Derivative,True,,False,UNDEF,
embedded-derivative,embedded derivative,True,,True,,
emerging-entity,emerging entity,True,,True,,
employee,employee,False,HOMONYM;UNDEF,True,,
employee-compensation,Employee Compensation,True,,True,PENDING,PENDING
employee-stock-ownership-plan,Employee Stock Ownership Plan,True,,False,NONAUTH,
employer-loan,employer loan,True,,True,,
endeavor,endeavor,True,,True,,
endorsement-split-dollar-life-insurance,endorsement split-dollar life insurance,True,,True,,
endowment-contract,Endowment contracts,True,MALFORMED,True,,
endowment-fund,Endowment Fund,True,,False,CIRC,CIRC
enhanced-12b-1-plan,enhanced 12b-1 plan,True,,False,UNDEF,
enhanced-crediting-rate-bonus,Enhanced-Crediting-Rate Bonus,True,,True,,
entry-price,entry price,True,,True,,
environmental-credit,Environmental Credit,True,CIRC,False,CIRC,CIRC;PENDING
environmental-credit-obligation,Environmental Credit Obligation,True,CIRC,False,CIRC,CIRC;DANGLING;PENDING
equitable-right-of-redemption,equitable right of redemption,True,,True,,
equity-interests,Equity Interests,True,,True,,
equity-kicker,equity kicker,True,POINTER,False,POINTER,CIRC;POINTER
equity-restructuring,Equity Restructuring,True,,True,,
equity-security,Equity Security,True,,True,,
equity-shares,equity shares,True,,False,SELF,
equity-transfer,Equity Transfer,True,,True,,
equity-indexed-annuity,Equity-indexed annuity,True,,True,,
error-in-previously-issued-financial-statements,error in previously issued financial statements,True,,True,,
estimated-current-value,estimated current value,True,,True,,
estimated-residual-value,Estimated Residual Value,True,,True,,
event,event,True,,True,,
excess-costs,excess costs,True,,True,,
exchange,Exchange,True,,True,,
exchange-market,Exchange Market,True,,True,,
exchange-rate,exchange rate,True,,True,,
executive-officers,executive officers,True,POINTER,False,POINTER,DANGLING;POINTER
exempt-and-nonexempt-cooperatives,exempt and nonexempt cooperatives,True,,True,,
exercise-contingency,exercise contingency,True,,True,,
exercise-price,exercise price,False,INCONS,True,,
existing-contract,existing contract,True,,True,,
exit-price,exit price,True,,True,,
expected-cash-flow,Expected Cash Flow,True,,True,,
expected-long-term-rate-of-return-on-plan-assets,Expected Long-Term Rate of Return on Plan Assets,True,,True,,
expected-losses,expected losses,False,CIRC,False,CIRC,CIRC
expected-losses-and-expected-residual-returns,Expected Losses and Expected Residual Returns,False,NONAUTH;PENDING,False,NONAUTH;PENDING,NONAUTH;PENDING
expected-postretirement-benefit-obligation,expected postretirement benefit obligation,True,,True,,
expected-residual-profit,expected residual profit,True,,True,CIRC,CIRC
expected-residual-returns,expected residual returns,False,CIRC,False,CIRC,CIRC
expected-return-on-plan-assets,Expected Return on Plan Assets,True,,False,CIRC,CIRC
expected-variability,expected variability,True,,True,,
expendable-parts,Expendable parts,True,,True,,
expenditures,expenditures,True,,True,,
experience-adjustment,experience adjustments,True,,True,,
explicit-service-period,explicit,True,,True,,
explicit-approach-to-assumptions,explicit approach to assumptions,True,,True,,
exploitation-costs,exploitation costs,True,,True,,
exploration,exploration,True,,True,,
exploration-costs,exploration costs,True,POINTER,False,POINTER,POINTER
exploratory-well,Exploratory Well,True,,True,,
extended-warranty,extended warranty,True,STALE,True,,
face-amount,face amount,True,POINTER,False,POINTER,CIRC;POINTER
fail-to-deliver,fail-to-deliver,True,,True,,
fail-to-receive,fail-to-receive,True,,True,,
fair-value,Fair Value,True,,False,CIRC,CIRC
fair-value-hedge,fair value hedge,True,,True,,
fed-funds-effective-rate-overnight-index-swap-rate,Fed Funds Effective Rate Overnight Index Swap Rate,True,HOMONYM,False,HOMONYM,HOMONYM
fed-funds-effective-swap-rate-or-overnight-index-swap-rate,Fed Funds Effective Rate Overnight Index Swap Rate,False,HOMONYM;PENDING;STALE,False,HOMONYM;PENDING;STALE,DANGLING;HOMONYM;PENDING;STALE
federal-home-loan-mortgage-corporation,Federal Home Loan Mortgage Corporation,True,,True,,
federal-national-mortgage-association,Federal National Mortgage Association,True,,True,,
fees,fees,False,POINTER,False,POINTER,POINTER
field,field,True,,True,,
field-and-row-crops,Field and row crops,True,,True,,
film-costs,Film Costs,True,,True,,
film-group,Film Group,True,,True,,
film-prints,film prints,True,,True,,
films,films,True,,True,,
final-pay-formula,final-pay,True,,True,,
finance-lease,Finance Lease,True,,True,,
financial-asset,Financial Asset,True,,True,,
financial-flexibility,financial flexibility,True,,True,,
financial-guarantee-insurance-contract,financial guarantee insurance contracts,True,,True,,
financial-guarantee-reinsurance-contract,financial guarantee reinsurance contracts,False,POINTER,False,POINTER,DANGLING;POINTER
nonregistered-investment-partnerships-financial-highlights,financial highlights,False,MALFORMED,False,CIRC;UNDEF,CIRC;DANGLING
financial-instrument,Financial Instrument,False,NONAUTH;PENDING,False,NONAUTH;PENDING,NONAUTH;PENDING
financial-liability,Financial Liability,True,,True,,
financial-standby-letter-of-credit,financial standby letters of credit,True,,True,,
financial-statements-are-available-to-be-issued,Financial Statements Are Available to Be Issued,True,,True,,
financial-statements-are-issued,Financial Statements Are Issued,True,,True,,
financially-interrelated-entities,financially interrelated entity,True,,True,,
financing-activities,financing activities,True,,True,,
financing-receivable,Financing Receivable,True,,True,,
firm-commitment,firm commitment,True,,True,,
firm-purchase-commitment,Firm Purchase Commitment,True,,True,HOMONYM,
fiscal-funding-clause,Fiscal Funding Clause,True,,True,,
fixed-participation-method,Fixed participation method,True,,True,,
fixed-time,fixed time,True,,True,,
fixed-price-contracts,fixed-price contract,True,STALE,True,CIRC,CIRC
flat-benefit-formula,flat-benefit plans,True,MALFORMED,True,,
floating-participation-method,Floating participation method,True,,True,,
floating-time,floating time,True,,True,,
floor-broker,floor broker,True,,True,,
forecasted-transaction,forecasted transaction,True,,True,,
foreign-activities,foreign activities,True,POINTER,False,POINTER,DANGLING;POINTER
foreign-currency,foreign currency,True,CIRC,False,CIRC,CIRC
foreign-currency-statements,foreign currency statements,True,,True,,
foreign-currency-transactions,foreign currency transactions,True,CIRC,False,CIRC,CIRC
foreign-currency-translation,foreign currency translation,True,,True,,
foreign-entity,foreign entity,True,CIRC,False,CIRC,CIRC
foreign-exchange-risk,foreign exchange risk,True,,True,,
forgivable-loan,Forgivable Loan,True,,False,MALFORMED;PENDING,DANGLING;PENDING
formation-date,Formation Date,True,,True,,
forward-commitment-dollar-roll,forward commitment dollar rolls,True,POINTER,False,DANGLING;POINTER,DANGLING;POINTER
forward-exchange-contract,Forward exchange contracts,True,,True,,
fractional-interest,Fractional Interests,True,,True,,
franchise-agreement,Franchise Agreement,True,,True,,
franchisee,franchisee,True,,True,,
franchisor,Franchisor,True,,True,,
fraternal-benefit-society,fraternal benefit societies,True,,True,,
freestanding-call-option,freestanding call option,True,,True,,
freestanding-contract,Freestanding Contract,True,,True,,
freestanding-financial-instrument,freestanding financial instruments,True,,True,,
front-end-fees,front-end fee,True,POINTER,False,POINTER,POINTER
front-end-load,Front-End Load,True,,True,,
fronting-arrangements,fronting arrangements,True,,True,,
full-eligibility-date,full eligibility date,True,,True,,
full-eligibility-for-benefits,full eligibility for benefits,True,,True,,
fully-benefit-responsive-investment-contract,fully benefit-responsive investment contracts,True,,True,,
fully-eligible-plan-participants,fully eligible plan participants,True,,True,,
fully-insured-experience-rated-arrangement,fully insured experience-rated arrangements,True,,False,DANGLING,DANGLING
fully-insured-pooled-arrangement,fully insured pooled arrangements,True,,True,,
functional-currency,functional currency,True,,True,,
functional-expense-classification,Functional Expense Classification,True,,True,,
fund,fund,True,,True,,
funding-agency,funding agency,True,,True,,
funding-policy,Funding Policy,True,,True,,
fundraising-activities,fundraising activities,True,,True,,
funds-functioning-as-endowment,Funds Functioning as Endowment,True,CIRC,False,CIRC,CIRC
futures-contract,futures contracts,True,,True,,
gain-contingency,gain contingency,True,,True,,
gain-or-loss,Gain or Loss,False,CIRC;HOMONYM,False,CIRC;HOMONYM,CIRC;HOMONYM
gain-or-loss-component-of-net-periodic-pension-cost,Gain or loss,False,CIRC;HOMONYM;MALFORMED,False,CIRC;HOMONYM,CIRC;HOMONYM
gain-or-loss-component-of-net-periodic-postretirement-benefit-cost,gain or loss component of net periodic postretirement benefit cost,True,,True,,
gains-and-losses-included-in-comprehensive-income-but-excluded-from-net-income,Gains and Losses Included in Comprehensive Income but Excluded from Net Income,False,STALE,True,SELF,
general-account,general account,True,,True,,
general-partnership,general partnership,True,,True,,
goodwill,Goodwill,True,,True,,DANGLING
government-grant,Government Grant,True,PENDING,False,MALFORMED;PENDING,DANGLING;PENDING
government-national-mortgage-association,Government National Mortgage Association,True,,True,CIRC,CIRC
government-national-mortgage-association-rolls,Government National Mortgage Association [GNMA] rolls,True,,True,,
grant-date,Grant Date,True,,True,,CIRC
grant-related-to-an-asset,Grant Related to an Asset,True,,True,,DANGLING;PENDING
grant-related-to-income,Grant Related to Income,True,,True,,DANGLING;PENDING
gross-eligible-charges,gross eligible charges,True,,True,,
gross-margin,Gross Margin,True,,True,,
gross-premium,gross premium,True,,True,,CIRC
group-insurance,group insurance,True,,True,,
group-participating-pension-contracts,Group participating pension contracts,True,,True,,
grove,grove,True,,True,,
growing-crop,growing crop,True,,True,,
guaranteed-interest-rate,guaranteed interest rate,True,,True,,
guaranteed-investment-option,guaranteed investment options,True,,True,,
guaranteed-minimum-accumulation-benefit,guaranteed minimum accumulation benefit,False,SELF;UNDEF,True,,
guaranteed-minimum-income-benefit,Guaranteed Minimum Income Benefit,True,,True,,
guaranteed-minimum-withdrawal-benefit,guaranteed minimum withdrawal benefit,True,,True,,
harvested-crop,harvested crop,True,,True,,
hazardous-substance,hazardous substance,True,,False,NONAUTH,
hazardous-waste,hazardous waste,True,,False,NONAUTH,
hazardous-waste-constituent,hazardous waste constituents,True,MALFORMED,False,NONAUTH;UNDEF,
health-and-welfare-benefit-plans,health and welfare benefit plans,True,,True,,
health-care-cost-trend-rate,health care cost trend rates,True,,True,,
health-insurance-claims,Health Insurance Claims,True,,True,,
health-maintenance-organization,health maintenance organizations,True,,True,,
hedged-layer,Hedged Layer,True,,True,,
high-yield-debt-securities,high-yield debt securities,True,,True,CIRC,CIRC
highest-and-best-use,Highest and Best Use,True,,True,,
historical-cost,historical cost,True,,True,,
historical-cost-constant-purchasing-power-accounting,historical cost-constant purchasing power accounting,True,,True,,
holding-gain-or-loss,Holding Gain or Loss,True,,True,,
holding-period,Holding period,True,,True,,
homeowners-association,homeowners association,True,POINTER,False,POINTER,POINTER
hosting-arrangement,Hosting Arrangement,True,,True,,
hybrid-instrument,hybrid instrument,True,UNDEF,True,,
identifiable,Identifiable,True,,True,,
idle-time,idle time,True,,True,,
if-converted-method,if-converted method,True,,True,,
immediate-bonus,immediate bonus,True,,True,,
immediate-family,immediate family,False,INCONS;POINTER,False,NONAUTH;POINTER,DANGLING;POINTER
impaired-claims,impaired claims,True,MALFORMED,True,,
impairment,Impairment,False,INCONS,True,,
implicit-service-period,implicit,True,MALFORMED,False,MALFORMED,
imputed-interest-rate,imputed interest rate,True,,True,,
in-force,in force,True,,True,,
in-substance-nonfinancial-asset,In Substance Nonfinancial Asset,False,POINTER,False,POINTER,POINTER
in-force-policies,in-force policies,True,,True,,
in-substance-common-stock,in-substance common stock,True,,True,,
in-substance-defeasance,in-substance defeasance,True,STALE,True,,
inactive-employees,Inactive Employees,True,,True,,
incidental-operations,incidental operations,True,,True,,
income-approach,Income Approach,True,,True,,
income-available-to-common-stockholders,income available to common stockholders,True,,True,,
income-from-continuing-operations,Income from Continuing Operations,True,STALE,True,,
income-tax-expense-or-benefit,income tax expense (or benefit),True,,True,,
income-taxes,Income Taxes,True,,True,,
income-taxes-currently-payable-refundable,income taxes currently payable,True,POINTER,False,POINTER,DANGLING;POINTER
income-producing-real-estate,income-producing real estate,True,,True,,
incremental-borrowing-rate,Incremental Borrowing Rate,True,,True,,
incremental-costs-of-incidental-operations,Incremental Costs from Incidental Operations,True,,True,,
incremental-direct-cost-of-contract-acquisition,Incremental Direct Cost of Contract Acquisition,True,,True,,
incremental-direct-costs,incremental direct costs,True,,True,,
incremental-revenues-from-incidental-operations,Incremental Revenue from Incidental Operations,True,,True,,
incurred-but-not-reported,incurred but not reported,True,,True,,
incurred-claims-cost-by-age,incurred claims cost,True,,False,MALFORMED;UNDEF,
incurred-cost,incurred cost,True,MALFORMED,True,,
incurred-losses,incurred losses,True,,True,,
incurred-but-not-reported-claims,incurred-but-not-reported claims,True,,True,,
indirect-effects-of-a-change-in-accounting-principle,indirect effects of a change in accounting principle,True,,True,,
indirect-guarantee-of-indebtedness,Indirect Guarantee of Indebtedness,True,,True,,
indirect-loan,indirect loan,True,,True,,
indirect-project-costs,Indirect project costs,True,,True,,
infrequency-of-occurrence,Infrequency of Occurrence,True,MALFORMED,True,,
inherent-contribution,Inherent Contribution,True,,True,,
initial-direct-costs,Initial Direct Costs,True,,True,,
initiation-or-front-end-fees,initiation or front-end fees,True,,True,,
inputs,Inputs,True,,True,,
insurance-contract,insurance contracts,True,,False,SCOPECONF,
insurance-policy,insurance policy,True,,True,INCONS,
insurance-risk,insurance risk,True,,True,,
intangible-asset-class,intangible asset class,True,,True,,
intangible-assets,Intangible Assets,True,,True,,
integral-equipment,Integral Equipment,True,,True,,
integrated-contract-feature,integrated contract features,True,INCONS,True,,
intended-use,intended use,True,,True,,
interest-cost-component-of-net-periodic-pension-cost,Interest cost,False,HOMONYM,False,HOMONYM,HOMONYM
interest-cost-component-of-net-periodic-postretirement-benefit-cost,Interest cost,False,HOMONYM,False,HOMONYM,HOMONYM
interest-cost,Interest Cost,False,HOMONYM,False,HOMONYM,HOMONYM
interest-method,interest method,True,INCONS,True,,
interest-rate-risk,Interest Rate Risk,True,,True,,
interest-only-strip,interest-only strips,True,,True,,
interinsurance-exchange,interinsurance exchange,True,POINTER,False,POINTER,POINTER
intermediary,intermediary,True,SCOPECONF,True,,
intermediate-life-plants,intermediate-life plants,True,UNDEF,True,,
internal-derivative,internal derivative,True,,True,,
internal-replacement,internal replacement,True,,True,,
internal-reserve-method,internal reserve method,True,,True,,
interval,interval,False,INCONS,True,,
intra-entity-derivative,Intra-entity derivatives,True,,True,,
intrinsic-value,intrinsic value,True,,True,,
inventory,Inventory,True,NONAUTH,True,,
investee,investee,True,,True,,
investing-activities,investing activities,True,,True,,
investment-contracts,investment contracts,True,,True,,
investment-fund-option,investment fund options,True,,True,,
investment-yield,investment yield,True,,True,,
investor,investor,True,,True,,
involuntary-pools,involuntary pools,True,,True,,
issuance-of-financial-statements,Issuance of Financial Statements,False,POINTER,False,POINTER,POINTER
issued-issuance-or-issuing-of-an-equity-instrument,"Issued, Issuance, or Issuing of an Equity Instrument",True,,True,,
issuer,issuer,True,,True,,
issuer-s-equity-shares,issuer's equity shares,True,,True,,
joint-activity,joint activity,True,,True,,
joint-and-several-liability,joint and several,True,,True,MALFORMED,
joint-control,joint control,False,MALFORMED,True,,
joint-costs,joint costs,True,,True,,
joint-venture,Joint Venture,True,,True,CIRC,CIRC
junk-bonds,junk bonds,True,POINTER,True,POINTER,CIRC;POINTER
kick-out-rights-vie-definition,Kick-Out Rights (VIE definition),True,,True,,
kick-out-rights-voting-interest-entity-definition,Kick-Out Rights (Voting Interest Entity definition),True,,True,,
land-development-costs,Land Development Costs,True,MALFORMED,True,CIRC,CIRC
lapse-rate,Lapse rate,True,,True,,
lattice-model,lattice model,True,,False,CIRC,CIRC
lead-interest,Lead Interest,True,CIRC,False,CIRC,CIRC
lease,Lease,True,,True,,
lease-inception,lease inception,True,,True,,
lease-liability,Lease Liability,True,,True,,
lease-modification,Lease Modification,True,,True,,
lease-payments,Lease Payments,True,POINTER,False,POINTER,POINTER
lease-receivable,Lease Receivable,True,,True,,
lease-term,Lease Term,True,,True,,
legal-entity,Legal Entity,True,,True,,
legal-notification-period,legal notification period,True,,True,,
legal-obligation,Legal obligations,True,,True,,
lending-activities,lending activities,True,,True,,
lessee,Lessee,True,,True,,
lessor,Lessor,True,,True,,
level-1-inputs,Level 1 Inputs,True,,True,,
level-2-inputs,Level 2 Inputs,True,,True,,
level-3-inputs,Level 3 Inputs,True,,True,,
leveraged-lease,Leveraged Lease,False,STALE;UNDEF,True,STALE,
liability-for-claim-adjustment-expenses,liability for claim adjustment expenses,True,,True,,
liability-for-future-policy-benefits,Liability for Future Policy Benefits,True,,True,,
liability-for-unpaid-claims,liability for unpaid claims,True,,True,,
liability-issued-with-an-inseparable-third-party-credit-enhancement,Liability Issued with an Inseparable Third-Party Credit Enhancement,True,MALFORMED,True,,
libor-swap-rate,LIBOR Swap Rate,True,POINTER;STALE,False,POINTER,DANGLING;POINTER
license-agreement,License Agreement,False,HOMONYM,True,,
license-agreements,licensing agreement,False,HOMONYM,True,MALFORMED,
life-insurance-entity,life insurance entity,True,,True,,
life-settlement-contract,life settlement contract,True,,True,,
life-annuity-and-health-insurance-entities,"life, annuity, and health insurance entities",True,MALFORMED,True,HOMONYM,
life-contingent-payments,life-contingent payments,True,,True,,
limited-life-land-development-costs,Limited Life Land Development Costs,False,POINTER,False,POINTER,POINTER
limited-partnership,limited partnership,True,,True,,
limited-payment-contracts,Limited-payment contracts,True,,True,,
line-of-credit-arrangement,Line of Credit Arrangement,True,,True,,
liquidating-bank,liquidating bank,True,,True,,
liquidation,Liquidation,True,,True,,
liquidation-method,liquidation method,True,,True,,
liquidity,liquidity,True,,True,MALFORMED,
livestock,livestock,True,,True,,
loan,loan,True,,True,,
loan-commitment,Loan Commitment,True,,True,,
loan-origination-fees,loan origination fees,False,HOMONYM,True,,
loan-participation,loan participation,True,,True,,
loan-syndication,Loan syndications,True,,True,,
local-currency,local currency,True,,True,,
lock-box-arrangement,lock-box arrangement,True,,True,,
lock-up-options,Lock-up options,True,,True,,
london-interbank-offered-rate-swap-rate,London Interbank Offered Rate (LIBOR),False,INCONS;MALFORMED;PENDING;STALE,False,MALFORMED;PENDING;STALE,DANGLING;PENDING;STALE
london-interbank-offered-rate-libor-swap-rate,London Interbank Offered Rate (LIBOR) Swap Rate,True,,True,,
long-term-care-benefit,long-term care benefit,True,,True,,
long-term-contracts,long-term contracts,False,POINTER,False,NONAUTH;POINTER,POINTER
long-term-obligations,long-term obligations,True,,True,,
loss,Loss,False,POINTER,False,POINTER,POINTER
loss-contingency,Loss Contingency,True,,True,,
lump-sum-contract,Lump-Sum Contract,False,POINTER,False,CIRC;POINTER,CIRC;POINTER
maintenance,maintenance,True,,True,,
maintenance-costs,maintenance costs,True,,True,,
make-whole-provision,make-whole provision,True,,True,,
management,management,True,,True,,
management-and-general-activities,Management and General Activities,True,CIRC,False,CIRC,CIRC
mandatorily-redeemable-financial-instrument,mandatorily redeemable financial instruments,True,,True,,
market,market,False,INCONS,True,HOMONYM,HOMONYM
market-condition,market,False,MALFORMED,True,HOMONYM;MALFORMED,HOMONYM
market-approach,Market Approach,True,,True,,
market-participants,Market Participants,True,,True,CIRC,CIRC
market-risk,Market Risk,True,,True,,
market-risk-benefit,Market Risk Benefit,True,UNDEF,True,,
market-value-annuity,market value annuity,True,,True,,
market-corroborated-inputs,Market-corroborated inputs,True,,True,,
market-related-value-of-plan-assets,market-related value of plan assets,True,CIRC,True,CIRC,CIRC
marketing-cooperative,Marketing cooperatives,True,,True,,
measurement-date,measurement date,True,,True,,
medicare-reimbursement-rates,Medicare reimbursement rates,True,,True,,
medium,medium,True,,True,,
member-of-an-agricultural-cooperative,Member of an Agricultural Cooperative,True,,False,CIRC,CIRC
membership-development-activities,Membership development activities,True,,True,,
merger-date,Merger Date,True,,True,,
merger-of-not-for-profit-entities,Merger of Not-for-Profit Entities,True,,True,,
mineral-interests,mineral interests,True,POINTER,False,POINTER,POINTER
mineral-resource-assets,mineral resource assets,True,STALE,False,STALE,
mineral-rights,mineral rights,True,,True,,
mini-vacation,Mini-Vacation,True,,True,,
minimum-guaranteed-death-benefit,minimum guaranteed death benefit,True,,True,,
minimum-guarantee,minimum guarantees,True,,True,,
minimum-lease-payments,Minimum Lease Payments,False,STALE,True,STALE,
minimum-premium-plan-arrangement,minimum premium plan arrangements,True,,True,,
minimum-revenue-guarantee,minimum revenue guarantee,True,,True,,
mining-assets,mining assets,True,,True,,
mining-entities,mining entities,True,,True,,
modification,Modification,True,,True,,
monetary-assets,Monetary Assets,False,HOMONYM,True,,
monetary-assets-and-liabilities,monetary assets or liabilities,False,HOMONYM,True,,
monetary-liability,monetary liabilities,True,,True,,
monetary-value,monetary value,True,,True,,
money-over-money-lease,Money-over-money,True,,True,UNDEF,
morbidity,morbidity,True,,True,,
mortality,mortality,False,HOMONYM,False,HOMONYM,HOMONYM
mortality-rate,mortality,False,HOMONYM,False,HOMONYM,HOMONYM
mortality-risk,mortality risk,True,,True,,
mortgage-banking-entity,mortgage banking entity,True,,True,,
mortgage-guaranty-insurance-entity,mortgage guaranty insurance entities,True,,True,,
mortgage-backed-securities,mortgage-backed securities,True,,True,CIRC,CIRC
most-advantageous-market,Most Advantageous Market,True,,True,,
motion-picture-films,motion picture films,True,,True,,
multiemployer-plan,Multiemployer Plan,True,,True,,
multiple-employer-plan,Multiple-Employer Plan,True,,True,,
mutual-entity,mutual entities,True,,True,,
natural-expense-classification,Natural Expense Classification,False,PENDING,False,PENDING,DANGLING;PENDING
natural-resources,natural resources,True,,True,,
near-term,near term,True,,True,,
net-amount-at-risk-relating-to-variable-annuity-contracts,Net Amount at Risk (Relating to Variable Annuity Contracts),True,,True,,
net-asset-information,net asset information,True,,True,,
net-asset-value-per-share,net asset value per share,True,,True,,
net-assets,Net Assets,True,,False,CIRC,CIRC
net-assets-available-for-benefits,net assets available for benefits,True,,True,,
net-assets-with-donor-restrictions,Net Assets with Donor Restrictions,True,,False,CIRC,CIRC
net-assets-without-donor-restrictions,Net Assets without Donor Restrictions,True,,False,CIRC,CIRC
net-carrying-amount-of-debt,net carrying amount of the extinguished debt,True,MALFORMED,True,MALFORMED,
net-cash-settlement,net cash settlement,True,,True,,
net-closed-block-liability,net closed block liability,True,CIRC,False,CIRC,CIRC
net-income,net income,False,CIRC,False,CIRC,CIRC
net-income-unitrust,net income unitrust,True,,True,,
net-incurred-claims-cost-by-age,net incurred claims costs,True,MALFORMED,False,MALFORMED;POINTER,
net-investment-in-the-lease,Net Investment in the Lease,True,,True,,
net-investment-in-an-original-loan,net investment in the original loan,True,,True,,
net-level-premium-reserve,net level premium reserve,True,,True,,
net-periodic-pension-cost,Net Periodic Pension Cost,True,STALE,True,,CIRC
net-periodic-postretirement-benefit-cost,net periodic postretirement benefit cost,True,STALE,True,,CIRC
net-premiums,Net Premiums,True,,True,,CIRC
net-realizable-value,Net Realizable Value,True,,True,,
net-share-settlement,net share settlement,True,,True,,
net-worth,Net worth,True,,True,,
network-affiliation-agreement,network affiliation agreements,True,,True,,
new-basis-event,new basis event,True,POINTER,False,POINTER,POINTER
nominee-shareholder,Nominee shareholder,True,,True,,
noncompliance-environmental-credit,Noncompliance Environmental Credit,True,,False,PENDING,PENDING
nonconsenting-class,nonconsenting class,True,,True,,
noncontributory-plan,Noncontributory Plan,True,,True,,
noncontrolling-interest,noncontrolling interest,True,,True,,
nonfinancial-asset,Nonfinancial Asset,True,,True,,
nonforfeiture-benefits,nonforfeiture benefits,True,,True,,
nongovernmental-entity,nongovernmental entities,True,,True,,
nonintegrated-contract-feature,nonintegrated contract features,True,,True,,
nonmanaging-investors,nonmanaging investors,False,DANGLING;POINTER,False,DANGLING;POINTER,DANGLING;POINTER
nonmember-of-an-agricultural-cooperative,Nonmember of an Agricultural Cooperative,False,MALFORMED,True,,
nonmonetary-assets-and-liabilities,nonmonetary assets or liabilities,True,,True,,
nonparticipating-annuity-contract,nonparticipating annuity contract,True,,True,,
nonparticipating-insurance-contract,nonparticipating insurance contracts,True,,True,POINTER,
nonperformance-risk,Nonperformance Risk,True,,True,,
nonprofit-activity,Nonprofit Activity,True,,True,,
nonpublic-entity,Nonpublic Entity,True,,True,,
nonreciprocal-transfer,Nonreciprocal Transfer,True,,True,,
nonrefundable-minimum-guarantee,nonrefundable minimum guarantee,True,,True,,
nonretirement-postemployment-benefits,Nonretirement Postemployment Benefits,True,,True,,
nonutility-generators,nonutility generators,True,,True,,
nonvested-benefit-information,Nonvested benefit information,True,,False,NONAUTH;UNDEF,
nonvested-shares,Nonvested Shares,False,INCONS,True,,
not-for-profit-entity,Not-for-Profit Entity,True,,True,,
notional-amount,notional amount,True,,True,CIRC,CIRC
obligated-to-write,obligated to write,True,,True,,
obligation,Obligation,True,PENDING,False,NONAUTH;PENDING,DANGLING;NONAUTH;PENDING
callable-obligation,obligation callable,True,,True,,
obligations-subject-to-compromise,Obligations subject to compromise,True,,False,INCONS,
observable-inputs,Observable Inputs,True,,True,,
offering-costs,Offering Costs,True,,True,,
oil-and-gas-producing-activities,Oil- and Gas-Producing Activities,True,POINTER,True,POINTER,POINTER
one-time-employee-termination-benefits,One-Time Employee Termination Benefits,True,,True,,
ongoing-economic-interest-in-the-net-assets-of-another,ongoing economic interest in the net assets of the other,True,MALFORMED,True,,
open-year-method,open year method,True,,True,,
operating-activities,operating activities,True,,True,,
operating-cycle,operating cycle,True,,True,,
operating-lease,Operating Lease,False,CIRC;STALE,False,CIRC;STALE,CIRC
operating-segment,operating segment,False,POINTER,False,POINTER,
option,Option,True,SCOPECONF,True,,
orchard,orchard,True,,True,,
orderly-transaction,Orderly Transaction,True,,True,,
ordinary-course-of-business,ordinary course of business,False,POINTER;SCOPECONF,False,POINTER,DANGLING;POINTER
ordinary-income-or-loss,Ordinary Income (or Loss),True,STALE,True,,
original-contract,original contract,True,INCONS,True,,
originator-s-acquisition-cost,originator's acquisition cost,True,INCONS,True,,
orphan-share,orphan share,True,INCONS,True,,
orphan-share-potentially-responsible-party,Orphan Share Potentially Responsible Party,True,,True,,
other-comprehensive-income,other comprehensive income,True,CIRC,False,CIRC,CIRC
other-postemployment-benefits,Other Postemployment Benefits,True,,True,,
other-price-risk,Other Price Risk,True,,True,,
overall-deal,overall deal,True,,True,,
owners,Owners,True,,True,,
owners-association,owners association,True,,True,,
paper-ticket,Paper tickets,True,STALE,True,,
parent,parent,True,,True,,
parity-adjustment,parity adjustment,True,,False,STALE,
participant,Participant,True,,True,,
participating-annuity-contract,participating annuity contract,True,,True,,
participating-insurance,Participating Insurance,True,,True,,
participating-interest,Participating Interest,True,POINTER,False,POINTER,POINTER
participating-potentially-responsible-party,Participating Potentially Responsible Party,True,,True,,
participating-rights-vie-definition,Participating Rights (VIE definition),True,,True,,
participating-rights-voting-interest-entity-definition,Participating Rights (Voting Interest Entity definition),True,,True,,
participating-security,participating security,True,,True,,
participation-costs,participation costs,True,,True,,
participation-right,Participation Right,True,HOMONYM,True,,
participation-rights,participation rights,True,HOMONYM,True,,
patronage,patronage,True,,True,,
patronage-allocation,patronage allocation,True,,True,,
patronage-earnings,patronage earnings,True,,True,,
patrons,Patrons,True,,True,,
pay-related-plan,pay-related plan,True,,True,,
payment-provision,payment provision,True,,True,,
payment-in-kind-bonds,payment-in-kind bonds,True,,True,CIRC,CIRC
payout-phase,Payout Phase,True,,True,,
penalty,Penalty,True,,True,,
pension-benefits,Pension Benefits,True,,True,,
pension-fund,Pension Fund,True,,True,,
per-capita-claims-cost-by-age,per capita claims cost by age,True,,True,,
performance-condition,Performance Condition,False,PENDING,False,PENDING,PENDING
performance-indicator,Performance Indicator,False,UNDEF,True,,
performance-obligation,Performance Obligation,True,,True,,
performance-requirements,Performance Requirements,True,,False,MALFORMED,PENDING
performance-standby-letter-of-credit,Performance standby letters of credit,True,,True,,
period-of-use,Period of Use,True,,True,,
periodic-ratchet-design,periodic ratchet design,False,POINTER,False,POINTER,
permanent-investor,Permanent Investor,True,,True,,
permanent-land-development-costs,Permanent Land Development Costs,False,POINTER,False,POINTER,CIRC;POINTER
perpetual-trust-held-by-a-third-party,perpetual trust held by a third party,True,,True,,
persistency,persistency,True,UNDEF,False,UNDEF,
persistency-bonus,persistency bonus,True,,True,,
petition,petition,True,,True,,
phase,Phase,True,,True,,
phase-in-plan,phase-in plans,True,,True,,
physical-settlement,physical settlement,True,,True,,
plan-administrator,plan administrators,True,,True,,
plan-amendment,Plan Amendment,True,,True,,
plan-assets,Plan Assets,True,,True,,
plan-demographics,plan demographics,True,,True,,
plan-of-demutualization,plan of demutualization,True,,True,,
plan-of-reorganization,Plan of Reorganization,True,,True,,
plan-participant,plan participant,True,,True,,
plan-suspension,plan suspension,True,,True,,
plan-termination,Plan Termination,True,,True,,
pension-benefit-formula,plan's benefit formula,True,,False,HOMONYM;MALFORMED,HOMONYM
plan-s-benefit-formula,plan's benefit formula,True,POINTER,False,DANGLING;HOMONYM;POINTER,DANGLING;HOMONYM;POINTER
planned-unit-development,Planned-unit developments,True,,True,,
plan,plans,True,,True,,
point-to-point-design,point-to-point design,False,POINTER,False,POINTER,
points,points,True,,True,,
policy-account-balance,Policy account balance,True,,True,,
policy-credits,policy credits,True,,True,,
pooled-income-fund,Pooled income funds,True,,True,,
pooling-cooperative,pooling cooperatives,True,,True,,
pools,pools,True,,True,,
portfolio-segment,Portfolio Segment,True,,True,,
postpetition-liabilities,postpetition liabilities,True,,False,UNDEF,
postretirement-benefit-plan,postretirement benefit plan,False,POINTER,False,POINTER,DANGLING;POINTER
postretirement-benefits,Postretirement Benefits,True,,True,,
postretirement-benefits-other-than-pensions,postretirement benefits other than pensions,False,POINTER,False,POINTER,POINTER
postretirement-health-care-benefits,postretirement health care benefits,True,,True,,
potential-common-stock,potential common stock,True,,True,,
potentially-responsible-party,Potentially Responsible Party,False,MALFORMED,True,,
preacquisition-costs,preacquisition costs,True,,True,,
preferred-stock,preferred stock,True,,True,,
preferred-stock-subject-to-mandatory-redemption-requirements-or-whose-redemption-is-outside-the-control-of-the-issuer,Preferred Stock Subject to Mandatory Redemption Requirements or Whose Redemption is Outside the Control of the Issuer,False,POINTER,False,POINTER,POINTER
preferred-stocks-which-are-not-redeemable-or-are-redeemable-solely-at-the-option-of-the-issuer,Preferred Stocks Which Are Not Redeemable or Are Redeemable Solely at the Option of the Issuer,False,POINTER,False,POINTER,POINTER
preliminary-project-stage,preliminary project stage,False,PENDING;STALE,False,PENDING;STALE,PENDING;STALE
prematurity-period,prematurity period,True,,True,,
premium,premium,True,,True,,
premium-tax-offsets,premium tax offsets,True,SELF,True,,
premiums-written,premiums written,True,,True,,
preoperating-costs,Preoperating costs,True,,True,,
prepaid-health-care-services,prepaid health care services,True,,True,,
prepaid-interest-rate-swap,prepaid interest rate swap,True,UNDEF,True,,
prepaid-reinsurance-premiums,prepaid reinsurance premiums,True,,True,,
prepayable,prepayable,True,,True,,
prepetition-liabilities,prepetition liabilities,True,MALFORMED,True,,
present-value,Present Value,True,CIRC,False,CIRC,CIRC
preset-participation-method,Preset participation method,True,,True,,
price-adjustment-theory,price adjustment theory,False,INCONS,True,,
primary-beneficiary,Primary Beneficiary,True,,True,,
principal-market,Principal Market,True,,True,,
principal-owners,principal owners,True,,True,,
principal-to-principal-market,Principal-to-Principal Market,True,,True,,
prior-service-cost,Prior Service Cost,True,,True,,
prior-service-costs,prior service costs,False,HOMONYM;POINTER,False,DANGLING;POINTER,POINTER
private-company,Private Company,True,,True,,
private-label-credit-cards,private label credit card,True,,True,,
probable,Probable,False,HOMONYM,False,HOMONYM,HOMONYM
probable-reserves,probable,False,HOMONYM;MALFORMED,False,HOMONYM;MALFORMED,HOMONYM
proceeds,Proceeds,True,,True,,
producer,producer,True,,True,,
product-design,product design,True,,True,,
product-enhancement,product enhancement,True,,True,,
product-financing-arrangement,Product financing arrangements,True,,True,,
product-maintenance-contracts,product maintenance contracts,True,,True,,
product-master,product masters,True,,True,,
production,Production,True,,True,,
production-animals,production animals,True,,True,,
production-costs,Production Costs,True,POINTER,False,POINTER,POINTER
production-phase,production phase,True,,True,,
productive-assets,productive assets,True,,True,,
progeny,progeny,True,,True,,
program-services,program services,True,,True,,
programmatic-investing,Programmatic Investing,True,,True,,
project,project,True,,True,,
project-costs,Project Costs,True,,True,,
projected-benefit-obligation,projected benefit obligation,True,,True,,
promise-to-give,Promise to Give,True,,True,,
promised-amenities,promised amenities,True,,True,,
promissory-estoppel,promissory estoppel,True,NONAUTH,False,NONAUTH,
properties,Properties,True,,False,DANGLING,DANGLING
property-and-casualty-insurance-entity,property and casualty insurance entities,False,INCONS;MALFORMED,True,,
property-and-liability-insurance-entity,Property and liability insurance entities,True,,True,,
proprietary-transactions,proprietary transactions,True,,True,,
prospective-reinsurance,prospective reinsurance,True,,True,,
protection-provisions,protection provisions,True,,True,,
protective-rights-vie-definition,Protective Rights (VIE definition),True,,True,,
protective-rights-voting-interest-entity-definition,Protective Rights (Voting Interest Entity definition),True,,True,,
proven-reserves,proved,False,MALFORMED,False,MALFORMED,
proved-developed-oil-and-gas-reserves,Proved Developed Oil and Gas Reserves,True,,True,,
proved-oil-and-gas-reserves,Proved Oil and Gas Reserves,True,,True,,
proved-properties,Proved properties,True,,True,,
proved-undeveloped-oil-and-gas-reserves,Proved Undeveloped Oil and Gas Reserves,True,,True,,
prepaid-health-care-services-providers,providers of prepaid health care services,True,,True,,
public-business-entity,Public Business Entity,True,,True,,
public-debt-issuance,public debt issuance,True,,True,,
public-entity,Public Entity,False,HOMONYM,True,,
publicly-traded-company,Publicly traded companies,True,,True,,
publicly-traded-entity-or-public-entity,publicly traded entity,False,HOMONYM,False,MALFORMED;UNDEF,
purchased-call-option,purchased call options,True,,True,,
purchased-financial-assets-with-credit-deterioration,Purchased Financial Assets with Credit Deterioration,True,,True,,
purchased-seasoned-loans,purchased seasoned loans,False,POINTER,False,MALFORMED;POINTER,PENDING
purchaser-s-incremental-borrowing-rate,purchaser's incremental borrowing rate,True,,True,,
purchasing-cooperative,purchasing cooperative,True,,True,,
purchasing-power-gain-or-loss,Purchasing power gain or loss,True,,True,,
pushdown-accounting,Pushdown Accounting,True,,True,,
put-option,put option,True,,True,,
qualified-assets,Qualified assets,False,POINTER,False,POINTER,POINTER
rabbi-trusts,rabbi trust,True,UNDEF,True,,
ratchet-death-benefit,Ratchet death benefit,True,,True,,
rate-implicit-in-the-lease,Rate Implicit in the Lease,True,,True,,
reacquisition-price-of-debt,Reacquisition Price of Debt,True,,True,,
readily-convertible-to-cash,Readily Convertible to Cash,True,NONAUTH;PENDING,False,NONAUTH;PENDING,NONAUTH;PENDING
readily-determinable-fair-value,Readily Determinable Fair Value,True,STALE,True,,
real-estate-investment-trust,real estate investment trusts,True,,True,,
real-estate-venture,real estate venture,False,INCONS;UNDEF,True,,
reasonably-possible,Reasonably Possible,True,,True,,
recalcitrant-potentially-responsible-party,Recalcitrant Potentially Responsible Party,True,,True,,
recipient-entity,recipient entity,True,,True,,
reciprocal-exchange,Reciprocal exchange,True,,True,,
reclassification-adjustments,reclassification adjustments,True,,True,,
reclassification-of-net-assets,Reclassification of Net Assets,True,,True,,
record-master,record masters,True,,True,,
record-share-method,record-share,True,,True,,
recorded-investment,Recorded Investment,True,STALE,True,,
recourse,recourse,True,,True,,
recoverable-amount,recoverable amount,True,,True,STALE,
registration-payment-arrangement,Registration Payment Arrangement,True,,True,,
regular-way-security-trades,Regular-way security trades,True,,True,,
regular-way-trades,regular-way trades,True,STALE,True,,
regulatory-assets-and-regulatory-liabilities,regulatory assets and regulatory liabilities,True,,False,DANGLING,DANGLING
reimbursement-plan,reimbursement plan,True,,True,,
reinsurance,Reinsurance,True,,True,,
reinsurance-recoverable,Reinsurance Recoverable,True,,True,,
reinsurer,reinsurer,True,,True,,
related-parties,related-party,True,,True,,
relative-fair-value-before-construction,relative fair value before construction,True,,True,,
relative-sales-value-method,relative sales value method,True,,True,,
release,release,True,,True,MALFORMED,
reload-feature-and-reload-option,Reload Feature and Reload Option,True,,True,,
remainder-interest,remainder interest,True,,False,CIRC,CIRC
remeasurement-event,Remeasurement Event,True,,True,,
remedial-action,remedial action,True,,True,,
remedial-investigation-feasibility-study,remedial investigation-feasibility study,True,,True,,
remote,Remote,True,,True,,
removal-action,removal actions,True,,True,,
reorganization,reorganization,False,INCONS,True,SCOPECONF,
reorganization-items,reorganization items,False,INCONS,True,,
reorganization-proceeding,reorganization proceeding,True,,True,,
reorganization-value,Reorganization Value,True,UNDEF,True,,
replaced-contract,replaced contract,True,,True,,
replacement-award,replacement award,True,,True,,
replacement-contract,replacement contract,True,,True,,
reporting-currency,reporting currency,True,,False,CIRC,CIRC
reporting-date,reporting date,True,HOMONYM,True,SCOPECONF,
reporting-entity,reporting entity,True,CIRC,False,CIRC,CIRC
reporting-unit,reporting unit,True,,True,,
repurchase-agreement,Repurchase Agreement,True,,True,,
repurchase-agreement-accounted-for-as-a-collateralized-borrowing,Repurchase Agreement Accounted for as a Collateralized Borrowing,True,INCONS;SCOPECONF,True,,
repurchase-financing,repurchase financing,True,,True,,
repurchase-to-maturity-transaction,Repurchase-to-Maturity Transaction,True,,True,,
requisite-service-period,requisite service period,True,CIRC,True,,CIRC
research-and-development,research and development,True,,True,,
reseller,Reseller,True,,True,,
reservoir,reservoir,True,,True,,
reset-date,reset date,True,,True,,
residual-value,residual value,True,INCONS,True,,
residual-value-guarantee,Residual Value Guarantee,True,,True,,
restate-translate,restate-translate,True,,True,STALE,
restatement,Restatement,True,,True,,
restricted-net-assets,restricted net assets,False,POINTER,False,POINTER,POINTER
restricted-share,Restricted Share,True,,True,,
restriction,restriction,True,,True,,
restructuring,restructuring,False,NONAUTH,False,NONAUTH,NONAUTH
retains,retains,True,,True,,
retired-life-fund,Retired life fund,True,,True,,
retirees,retirees,True,,True,,
retirement,Retirement,True,,True,,
retroactive-reinsurance,retroactive reinsurance,True,,True,,
retrocession,retrocession,True,,True,,
retrospective-application,retrospective application,True,,True,,
retrospective-interest-method,retrospective interest method,True,,True,,
return-of-capital,return of capital,True,,True,UNDEF,
return-of-premium-death-benefit,return of premium death benefit,True,,True,,
reunderwriting,reunderwriting,True,,True,,
revenue,Revenue,True,,True,,
reverse-acquisition,reverse acquisitions,True,,True,,
reverse-repurchase-agreement-accounted-for-as-a-collateralized-borrowing,Reverse Repurchase Agreement Accounted for as a Collateralized Borrowing,True,SCOPECONF,False,INCONS;SELF,
reverse-spinoff,reverse spinoff,True,,True,,
reverse-treasury-stock-method,reverse treasury stock method,True,,True,,
revised-financial-statements,Revised Financial Statements,True,,True,,
revolving-period-securitizations,revolving-period securitizations,True,UNDEF,True,,
right-of-setoff,right of setoff,True,,True,,
right-of-use-asset,Right-of-Use Asset,True,,True,,
rights-issue,rights issue,True,,True,,
risk-of-adverse-deviation,Risk of Adverse Deviation,True,,True,,
risk-of-antiselection,risk of antiselection,True,,True,MALFORMED,
risk-premium,Risk Premium,True,,True,,
roll-up-death-benefit,Roll-up death benefit,True,,True,,
rollout,rollout,True,,True,,
rollup,rollup,True,,True,HOMONYM,
rotable-parts,rotable parts,True,,True,SELF,
row-crops,row crop,True,POINTER,False,POINTER,POINTER
royalties,royalties,True,INCONS,True,,
sabbatical-leave,Sabbatical leave,True,,True,,
sale-leaseback-accounting,Sale-Leaseback Accounting,False,STALE,False,STALE,STALE
saleable-hydrocarbons,Saleable Hydrocarbons,True,SELF,True,,
sales-inducements,Sales Inducements,True,,True,,
sales-type-lease,Sales-Type Lease,True,CIRC,False,CIRC,CIRC
salvage,salvage,True,,True,,
sampler-program,Sampler Program,True,,True,,
secured-claim,secured claim,True,,True,,
secured-overnight-financing-rate-sofr-overnight-index-swap-rate,Secured Overnight Financing Rate (SOFR) Overnight Index Swap Rate,True,,True,,
securities-and-exchange-commission-sec-filer,Securities and Exchange Commission (SEC) Filer,True,,True,,
securities-and-exchange-commission-registrant,Securities and Exchange Commission Registrant,True,,True,,
securities-custodian,securities custodian,False,MALFORMED;UNDEF,False,SELF,
securities-industry-and-financial-markets-association-sifma-municipal-swap-rate,Securities Industry and Financial Markets Association (SIFMA) Municipal Swap Rate,True,,True,,
securitization,Securitizations,True,,True,,
security,Security,True,,True,,
security-interest,security interest,True,,True,,
seed-money,seed money,True,,True,,
seller,seller,True,,True,,
seller-subsidy,seller subsidies,True,,True,,
selling-profit-or-selling-loss,Selling Profit or Selling Loss,True,,True,,
separate-account,separate account,False,INCONS,True,,
separate-account-arrangement,separate account arrangement,True,,True,,
separately-priced-contracts,Separately priced contracts,False,STALE,True,,
service,Service,True,,False,INCONS,
service-condition,Service Condition,True,CIRC,False,CIRC,CIRC
service-cooperative,service cooperatives,True,,True,,
service-corporation,service corporations,False,SELF,True,,
service-cost-component-of-net-periodic-pension-cost,Service Cost (Component of Net Periodic Pension Cost),True,,True,,
service-cost-component-of-net-periodic-postretirement-benefit-cost,Service Cost (Component of Net Periodic Postretirement Benefit Cost),True,,True,,
service-inception-date,Service Inception Date,True,,True,CIRC,CIRC
service-well,service wells,True,,True,,
servicing-assets,Servicing Assets,True,,True,,
servicing-liabilities,servicing liabilities,True,,True,,
set-for-production,set for production,True,,True,,
set-off-right,Set-off Right,True,,True,,
settlement-of-a-pension-or-postretirement-benefit-obligation,settlement,True,HOMONYM,True,HOMONYM,HOMONYM
settlement-of-an-award,settlement,True,HOMONYM,True,HOMONYM,HOMONYM
settlement-period,settlement period,True,,True,,
severe-impact,severe impact,True,,True,,
share-option,Share Option,True,,True,,
share-unit,share unit,True,,True,,
share-based-payment-arrangements,Share-Based Payment Arrangements,True,,True,,
share-based-payment-transactions,share-based payment transactions,True,,True,,
shares,shares,False,NONAUTH;SELF,True,,
short-term-inducement,short-term inducement,True,,True,,
short-term-lease,Short-Term Lease,True,,True,,
short-term-obligations,Short-term obligations,True,,True,,
significant-changes,significant,False,PENDING;STALE,False,MALFORMED;PENDING;STALE,DANGLING;PENDING;STALE
significant-oil-and-gas-producing-activities,Significant Activities,True,STALE,False,DANGLING;MALFORMED,DANGLING
significant-changes-to-a-film,Significant Changes to a Film,True,,True,,
significant-geographic-area,significant geographic area,True,POINTER,False,POINTER,DANGLING;POINTER
significant-influence,significant influence,True,POINTER,False,POINTER,POINTER
simultaneous-equations-method,simultaneous-equations,True,MALFORMED,False,MALFORMED,
single-premium-deferred-annuity,single premium deferred annuity,True,,True,,
single-employer-plan,Single-Employer Plan,True,,True,,
slot-machine,Slot Machine,True,,True,,
soft-dollar-arrangements,soft-dollar arrangements,True,,True,,
spare-parts,spare parts,True,,True,,
special-termination-benefits,special termination benefits,True,,True,,
time-sharing-special-purpose-entity,special-purpose entity,True,HOMONYM,False,SCOPECONF,
specialized-skills,specialized skills,True,MALFORMED,True,,
spending-rate,Spending Rate,True,,True,,
spinoff,spinoff,True,,True,,
split-interest-agreement,Split-Interest Agreement,True,,False,CIRC,CIRC
split-off,split-off,True,,True,,
sponsor,Sponsor,True,,True,,
spot-rate,Spot Rate,True,,True,,
springing-lock-box-arrangement,springing lock-box arrangement,False,MALFORMED,True,MALFORMED,
standalone-price,Standalone Price,True,,True,,
standalone-selling-price,Standalone Selling Price,True,,True,,
standard-antidilution-provisions,Standard Antidilution Provisions,True,,True,,
standard-representations-and-warranties,Standard Representations and Warranties,True,,True,,
standby-letter-of-credit,Standby letters of credit,True,MALFORMED;STALE,True,MALFORMED,
standstill-agreement,standstill agreement,True,,True,,
start-up-activities,start-up activities,True,,True,,
statement-of-changes-in-net-assets-in-liquidation,Statement of Changes in Net Assets in Liquidation,True,,True,,
statement-of-net-assets-in-liquidation,Statement of Net Assets in Liquidation,True,,True,,
statutory-accounting-practices,statutory accounting practices,True,,True,,
step-bonds,step bonds,True,,True,,
stipulation,Stipulation,True,,True,,
stock-appreciation-right,stock appreciation right,True,,True,,
stock-dividend,stock dividend,True,,True,,
stock-split,stock split,True,,True,,
stop-loss-arrangement,stop-loss arrangements,True,MALFORMED,True,MALFORMED,
stop-loss-insurance,stop-loss insurance,False,INCONS,True,,
stratigraphic-test-well,Stratigraphic Test Well,True,,True,,
strict-liability,strict liability,True,,True,,
stripping-costs,stripping costs,True,,True,,
structured-note,structured note,True,,True,,
stub-period,stub period,True,STALE,True,STALE,
stub-rate,stub rate,True,,True,,
subcontractor-claims,subcontractor claims,True,,True,,
subjective-acceleration-clause,subjective acceleration clause,True,,True,,
sublease,Sublease,True,,True,,
subordinated-financial-support,subordinated financial support,True,,True,,
subrogation,subrogation,True,,True,,
subscriber-related-costs,subscriber-related costs,True,,True,,
subscription-form-demutualization,subscription-form demutualization,True,,True,,
subsequent-events,subsequent events,True,,True,,
subsidiary,subsidiary,True,,True,,
substantial-doubt-about-an-entity-s-ability-to-continue-as-a-going-concern,Substantial Doubt about an Entity's Ability to Continue as a Going Concern,True,,True,,
substantive-conversion-feature,Substantive conversion feature,True,,True,,
substantive-plan,substantive plan,True,,True,,
supplemental-actuarial-value,supplemental actuarial value,True,,True,,
supply-cooperative,Supply,False,MALFORMED,False,MALFORMED;POINTER,
support-equipment-and-facilities,support equipment and facilities,True,SELF,True,,
supporting-activities,supporting activities,True,,False,CIRC,CIRC
surplus-notes,surplus notes,True,,True,,
surrender-charge,surrender charge,True,,True,,
surrender-charges,surrender charges,True,,True,,
suspense-shares,suspense shares,True,,True,,
syndication-activities,syndication activities,True,,True,,
synthetic-instrument-accounting,Synthetic instrument accounting,True,,True,SELF,
systematic-risk,Systematic Risk,True,,True,,
tail-coverage,tail coverage,True,,True,,
take-or-pay-contract,take-or-pay,True,MALFORMED,True,,
tandem-award,tandem award,True,,True,,
tax-or-benefit,tax (or benefit),True,,True,SELF,
tax-consequences,tax consequences,True,,True,,
tax-position,tax position,True,CIRC,True,,CIRC
tax-planning-strategy,tax-planning strategy,True,,True,,
taxable-temporary-difference,taxable,True,,True,UNDEF,
taxable-income,taxable income,True,,True,,
temporary-difference,Temporary Difference,True,CIRC,True,CIRC,CIRC
tentative-minimum-tax,tentative minimum tax,True,,True,POINTER,
term-endowment,term endowment,True,,True,,
term-life-insurance,Term life insurance,True,,True,,
terminal-dividends,terminal dividends,True,,True,,
terminal-value,terminal value,True,,True,,
terminating-plan,terminating plans,True,,True,MALFORMED,
termination,Termination,False,INCONS,True,SCOPECONF,
termination-benefits,Termination Benefits,True,,True,,
termination-indemnities,termination indemnities,True,MALFORMED,True,,
termination-rate,termination rates,True,,True,,
terms-of-a-share-based-payment-award,terms of a share-based payment award,True,,True,,
territory,territory,True,,True,,
testing,testing,True,,True,,
theoretical-investment,theoretical investment,False,POINTER,False,POINTER,CIRC;DANGLING;POINTER
throughput-contract,throughput contracts,True,,True,,
time-of-issuance,time of issuance,True,,True,,
time-of-restructuring,time of the restructuring,True,,True,,
time-value,time value,True,,True,,
time-value-of-an-option,time value of an option,True,,True,,
time-share,time-share,False,POINTER,False,POINTER,POINTER
time-sharing,Time-Sharing,True,,True,,
time-sharing-interest,time-sharing interests,True,POINTER,False,POINTER,POINTER
timing-risk,timing risk,True,,True,,
title-insurance-entity,Title insurance entities,True,,True,,
title-plant,title plant,True,,True,,
top-off-provision,top-off,True,POINTER,False,POINTER,POINTER
top-up-shares,top-up shares,True,,True,,
total-return,Total Return,True,,True,,
trading,trading,True,,True,,DANGLING
trading-purposes,trading purposes,False,INCONS;POINTER,True,,
trading-securities,Trading securities,True,,True,,
traditional-12b-1-plan,traditional 12b-1 plan,True,,True,NONAUTH,
traditional-variable-annuity,traditional variable annuity,True,,True,,
transaction,Transaction,True,NONAUTH;PENDING,False,NONAUTH;PENDING,NONAUTH;PENDING
transaction-costs,Transaction Costs,True,,True,,
transaction-date,transaction date,True,,True,,
transaction-gain-or-loss,Transaction Gain or Loss,True,,True,,
transaction-price,transaction price,True,,True,,
transfer,Transfer,False,NONAUTH;PENDING;SCOPECONF,False,NONAUTH;PENDING;SCOPECONF,NONAUTH;PENDING;SCOPECONF
transferee,Transferee,True,,True,,
transferor,Transferor,True,,True,,
transferred-financial-assets,Transferred Financial Assets,True,MALFORMED,True,,
transition-asset,transition asset,True,STALE,True,,
transition-obligation,transition obligation,True,STALE,True,,
translate-restate,translate-restate,True,,True,,
translation,translation,True,POINTER,False,POINTER,POINTER
translation-adjustments,translation adjustment,True,,True,,
transportation-costs,Transportation Costs,True,,True,,
treasury-stock-method,treasury stock method,True,,True,,
troubled-debt-restructuring,Troubled Debt Restructuring,True,,True,,
trustee,trustee,True,,True,,
turnover,turnover,True,,True,,
two-tier-annuity,two-tier annuity,True,,True,,
unallocated-contract,Unallocated Contract,True,,True,,
uncollectibility,uncollectibility,True,,True,,
uncommitted-loans,Uncommitted loans,True,MALFORMED,True,,
uncompleted-wells-equipment-and-facilities,"Uncompleted wells, equipment, and facilities",False,SELF,True,SELF,
unconditional-promise-to-give,unconditional promises to give,True,,True,,
unconditional-purchase-obligation,unconditional purchase obligations,True,,True,,
underlying,underlying,True,,True,,
underlying-asset,Underlying Asset,True,,True,,
undersecured-claim,Undersecured claim,True,,True,,
underwater-endowment-fund,Underwater Endowment Fund,True,,True,,
underwriting-risk,Underwriting Risk,True,,True,,
undeveloped-oil-and-gas-reserves,Undeveloped Oil and Gas Reserves,True,POINTER,False,POINTER,POINTER
undivided-interest,undivided interest,True,,True,,
unfunded-accumulated-postretirement-benefit-obligation,unfunded accumulated postretirement benefit obligation,True,,True,,
unfunded-projected-benefit-obligation,unfunded projected benefit obligation,True,INCONS,True,,
unguaranteed-residual-asset,Unguaranteed Residual Asset,True,,True,,
unguaranteed-residual-value,unguaranteed residual value,False,STALE,True,,
unilateral-ability,unilateral ability,True,,True,,
unilateral-administrative-order,unilateral administrative order,True,,True,,
unit-of-account,Unit of Account,True,INCONS,True,,
unitized,unitized,False,DANGLING;POINTER,False,DANGLING;POINTER,DANGLING;POINTER
units-of-revenue-method,units-of-revenue method,True,,True,,
unknown-potentially-responsible-party,Unknown Potentially Responsible Party,True,,True,,
unobservable-inputs,Unobservable Inputs,True,,True,,
unproved-properties,unproved properties,True,,True,SELF,
unproven-potentially-responsible-party,Unproven Potentially Responsible Party,True,,True,,
unrecognized-tax-benefit,unrecognized tax benefit,True,MALFORMED,True,,
unsecured-claim,unsecured claim,False,MALFORMED,True,,
unsystematic-risk,Unsystematic Risk,True,,True,,
unusual-nature,Unusual Nature,True,,True,,
upgrade,upgrade,True,,True,,
upmifa,UPMIFA,True,,True,,
useful-life,useful life,True,,True,,
valuation-allowance,valuation allowance,True,CIRC,False,CIRC,CIRC
valuation-of-assets,Valuation of assets,False,MALFORMED;POINTER,False,DANGLING;NONAUTH;POINTER,DANGLING;POINTER
value,Value,False,POINTER,False,NONAUTH;POINTER,DANGLING;POINTER
value-beyond-proven-and-probable-reserves,value beyond proven and probable reserves,True,UNDEF,True,,
value-in-use,value in use,True,,False,STALE,
variable-annuity-contract,variable annuity contract,True,,True,,
variable-interest-entity,Variable Interest Entity,True,,True,,
variable-interests,Variable Interests,False,CIRC,False,CIRC,CIRC;DANGLING
variable-lease-payments,Variable Lease Payments,True,,True,,
variable-rate-forward-contracts,variable-rate forward contract,True,STALE,True,,
variance-power,Variance Power,True,,True,,
vendor,Vendor,True,,True,,
vest,Vest,True,MALFORMED,True,,
vested-benefit-information,vested benefit information,True,,True,,
vested-benefit-obligation,vested benefit obligation,True,,True,,
vested-benefits,Vested Benefits,True,,True,,
vineyards,vineyards,True,,True,,
violation-of-a-provision,violation of a provision,True,,True,,
volatility,volatility,True,,True,,
voluntary-health-and-welfare-entity,voluntary health and welfare entity,True,,True,,
warrant,warrant,True,,True,,
warranty,Warranty,True,,True,,
weather-derivative,weather derivative,True,,True,,
weighted-average-number-of-common-shares-outstanding,weighted-average number of common shares outstanding,True,,True,,
wells-and-related-equipment-and-facilities,Wells and related equipment and facilities,True,,True,,
whole-life-contract,whole-life contracts,True,,True,,
with-cause,With Cause,True,,True,,
without-cause,Without Cause,True,,True,,
working-capital,working capital,True,,True,,
working-model,working model,True,,True,,
workout-expenditures,Workout expenditures,True,,True,,
wrap,wraps,True,INCONS,True,,
written-notice-of-allocation,Written Notice of Allocation,True,,True,,
zero-coupon-method,zero-coupon method,True,,True,,
