paragraph,subject,glossary,fasb_words,origin,origin_year,update,update_year,bibkey
718-40-20,Fair value for employee stock ownership plans,yes,incorrectly codified with the definition of fair value from Statement 123(R),the Codification,2009,2015-10,2015,fasb2015asu10
860-10-50-7,Disclosures for transfers of financial assets,no,The word public was not in the original guidance,the Codification,2009,2015-10,2015,fasb2015asu10
820-10-15-3(d),Fair value of not-for-profit contributions,no,Statement 157 incorrectly characterized this delay in recognition as an exemption,Statement 157,2006,2015-10,2015,fasb2015asu10
860-50-40-6,Servicing rights sold with loans retained,no,omitted from the Accounting Standards Codification,the Codification,2009,2016-19,2016,fasb2016asu19
480-10-55-55; 55-59,Options on a subsidiary's noncontrolling interest,no,a conforming amendment ... was not made,Statement 150,2003,2018-09,2018,fasb2018asu09
220-10-45-10B,Taxes not payable in cash,no,"Without the proper context, the phrase could be interpreted to mean any tax expense that is not payable in cash",the Codification,2009,2018-09,2018,fasb2018asu09
944-360-35-1,Real estate acquired by insurers in settling claims,no,That guidance was not included,the Codification,2009,2018-09,2018,fasb2018asu09
820-10-35-18D--18L,Portfolio exception for fair value,no,The exclusion of nonfinancial derivatives from the portfolio exception was not intentional,Update 2011-04,2011,2018-09,2018,fasb2018asu09
842-30-55-17A,Fair value of the underlying asset for lessors that are not dealers,no,it was not its intent to eliminate the fair value exception,Update 2016-02,2016,2019-01,2019,fasb2019asu01
815-20-65-3,Hedging transition: cumulative basis adjustments,no,stated incorrectly,Update 2017-12,2017,2019-04,2019,fasb2019asu04
842-10-25-2; 25-3,Lessor classification: day-one losses,no,was not identified or discussed by the Board,Update 2016-02,2016,2021-05,2021,fasb2021asu05
