term,uses_term
a unit-price contract,fixed-price contract
fixed-price contract,lump-sum contract
absolute priority doctrine,equity interests
absolute priority doctrine,cram-down provisions
absolute priority doctrine,bankruptcy code
equity interests,mutual entities
equity interests,net assets
cram-down provisions,unsecured claim
cram-down provisions,secured claim
cram-down provisions,bankruptcy code
cram-down provisions,bankruptcy court
accounting change,error in previously issued financial statements
accounting change,reporting entity
reporting entity,foreign currency transactions
accretion expense,carrying amount
accretion expense,asset retirement obligation
carrying amount,face amount
accumulated benefit obligation,projected benefit obligation
accumulated benefit obligation,actuarial present value
accumulated benefit obligation,benefit formula
projected benefit obligation,actuarial present value
projected benefit obligation,benefit formula
actuarial present value,time value
accumulated eligibility credits,plan participant
plan participant,credited service period
plan participant,postretirement benefit plan
accumulated plan benefits,benefit information date
benefit information date,actuarial present value of accumulated plan benefits
accumulated postretirement benefit obligation,expected postretirement benefit obligation
accumulated postretirement benefit obligation,attribution period
accumulated postretirement benefit obligation,actuarial present value
accumulated postretirement benefit obligation,full eligibility date
expected postretirement benefit obligation,postretirement benefits
expected postretirement benefit obligation,actuarial present value
attribution period,expected postretirement benefit obligation
attribution period,credited service period
attribution period,benefit formula
attribution period,full eligibility date
full eligibility date,dependency status
accumulation phase,annuity contract
annuity contract,pension benefits
acquiree,acquisition by a not-for-profit entity
acquiree,business combination
acquiree,nonprofit activity
acquisition by a not-for-profit entity,business combination
acquisition by a not-for-profit entity,not-for-profit entity
business combination,acquisition by a not-for-profit entity
nonprofit activity,not-for-profit entity
acquirer,business combination
acquirer,primary beneficiary
acquirer,variable interest entity
primary beneficiary,variable interest entity
variable interest entity,legal entity
acquisition costs,insurance contracts
acquisition development and construction arrangements,expected residual profit
expected residual profit,equity kicker
active plan participants,credited service period
active plan participants,postretirement benefit plan
active plan participants,plan participant
credited service period,attribution period
activities,intended use
actual return on plan assets,fair value
actual return on plan assets,plan assets
fair value,orderly transaction
fair value,market participants
fair value,measurement date
plan assets,contributory plan
plan assets,pension benefits
actuarial asset value,actuarial cost method
actuarial calculation,net closed block liability
actuarial calculation,other comprehensive income
actuarial calculation,closed block
actuarial calculation,acquisition costs
net closed block liability,other comprehensive income
net closed block liability,actuarial calculation date
net closed block liability,closed block
net closed block liability,carrying amount
net closed block liability,acquisition costs
other comprehensive income,net income
other comprehensive income,comprehensive income
actuarial calculation date,date of demutualization
actuarial calculation date,actuarial calculation
date of demutualization,plan of reorganization
time value,fair value
time value,call option
time value,intrinsic value
time value,exercise price
actuarial present value of accumulated plan benefits,accumulated plan benefits
actuarial present value of accumulated plan benefits,benefit information date
actuarial present value of accumulated plan benefits,time value
adequate compensation,benefits of servicing
benefits of servicing,contractually specified servicing fees
administrative expenses,unsecured claim
unsecured claim,chapter 11
unsecured claim,secured claim
unsecured claim,bankruptcy code
advances,pooling cooperatives
affiliated entity,significant influence
agency transaction,reporting entity
agent,recipient entity
recipient entity,not-for-profit entity
agricultural cooperative,member of an agricultural cooperative
member of an agricultural cooperative,agricultural cooperative
all-in-one hedge,cash flow hedge
all-in-one hedge,forecasted transaction
cash flow hedge,forecasted transaction
forecasted transaction,firm commitment
allocated shares,employee stock ownership plan
allowable costs,interest cost
interest cost,projected benefit obligation
interest cost,accumulated postretirement benefit obligation
interest cost,finance lease
allowed claims,bankruptcy court
bankruptcy court,bankruptcy code
amenities,promised amenities
amortization,other comprehensive income
amortization,net periodic pension cost
amortization,transition obligation
amortization,postretirement benefits
amortization,prior service cost
amortization,pension benefits
net periodic pension cost,transition asset
net periodic pension cost,gain or loss
net periodic pension cost,actual return on plan assets
net periodic pension cost,prior service cost
net periodic pension cost,interest cost
transition obligation,fair value
transition obligation,plan assets
transition obligation,accumulated postretirement benefit obligation
prior service cost,benefit formula
prior service cost,plan amendment
amortized cost basis,financing receivable
amortized cost basis,fair value hedge
fair value hedge,fair value
fair value hedge,firm commitment
annuity trust,charitable remainder trust
charitable remainder trust,split-interest agreement
charitable remainder trust,not-for-profit entity
antidilution,earnings per share
earnings per share,common stock
asset retirement cost,carrying amount
asset retirement cost,asset retirement obligation
association,common property
assumed net incurred claims cost,gross eligible charges
assumed net incurred claims cost,health care cost trend rates
assumed net incurred claims cost,plan demographics
assumed net incurred claims cost,measurement date
assumed net incurred claims cost,per capita claims cost by age
assumed net incurred claims cost,postretirement health care benefits
gross eligible charges,cost-sharing provisions of the plan
gross eligible charges,plan participant
gross eligible charges,postretirement health care benefits
health care cost trend rates,measurement date
health care cost trend rates,dependency status
health care cost trend rates,postretirement benefit plan
health care cost trend rates,plan participant
per capita claims cost by age,plan participant
per capita claims cost by age,postretirement health care benefits
assuming entity,ceding entity
ceding entity,assuming entity
assumptions,health care cost trend rates
assumptions,dependency status
assumptions,time value
assumptions,discount rate
assumptions,pension benefits
dependency status,postretirement benefit plan
discount rate,present value
discount rate,measurement date
discount rate,actuarial present value
discount rate,time value
attached call option,financial asset
attached call option,call option
financial asset,financial instrument
attribute,historical cost
attribution,postretirement benefits
automatic stay provisions,bankruptcy code
available-for-sale securities,trading securities
trading securities,near term
baby bonds,payment-in-kind bonds
payment-in-kind bonds,baby bonds
backplant,title plant
base jackpot,slot machine
basic earnings per share,common stock
benchmark interest rate,financial instrument
benefit information,actuarial present value of accumulated plan benefits
benefit-years-of-service approach,actuarial present value
benefits,pension benefits
contractually specified servicing fees,financial asset
blackout periods,share option
board-contingent plan,excess costs
excess costs,distribution costs
excess costs,contingent-deferred sales load
excess costs,current shareholders
board-designated endowment fund,funds functioning as endowment
board-designated endowment fund,net assets without donor restrictions
board-designated endowment fund,not-for-profit entity
board-designated endowment fund,near term
board-designated endowment fund,net assets with donor restrictions
board-designated endowment fund,endowment fund
funds functioning as endowment,net assets without donor restrictions
funds functioning as endowment,board-designated endowment fund
funds functioning as endowment,near term
funds functioning as endowment,net assets with donor restrictions
net assets without donor restrictions,donor-imposed restriction
net assets without donor restrictions,not-for-profit entity
net assets without donor restrictions,net assets
net assets with donor restrictions,donor-imposed restriction
net assets with donor restrictions,not-for-profit entity
net assets with donor restrictions,net assets
endowment fund,net assets
endowment fund,funds functioning as endowment
endowment fund,donor-restricted endowment fund
endowment fund,not-for-profit entity
endowment fund,board-designated endowment fund
endowment fund,donor-imposed restriction
board-designated net assets,net assets without donor restrictions
box spreads,exercise price
exercise price,common stock
broker-assisted cashless exercise,share option
broker-assisted cashless exercise,exercise price
calculated value,nonpublic entity
calculated value,share option
career-average-pay,benefit formula
carrybacks,taxable income
carryforwards,taxable income
face amount,notional amount
cash flows expected at acquisition,fair value
cash flows expected at acquisition,present value
cash flows expected at acquisition,business combination
present value,income approach
present value,discount rate adjustment technique
present value,discount rate
cash surrender value,annuity contract
cash surrender value,surrender charge
cash surrender value,policy account balance
surrender charge,insurance policy
policy account balance,general account
policy account balance,separate account
policy account balance,acquisition costs
policy account balance,cost of insurance
cashless exercise,net share settlement
net share settlement,fair value
net share settlement,financial instrument
causes,not-for-profit entity
change in accounting estimate,carrying amount
change in accounting estimate effected by a change in accounting principle,nonfinancial asset
change in accounting estimate effected by a change in accounting principle,change in accounting principle
change in accounting estimate effected by a change in accounting principle,change in accounting estimate
nonfinancial asset,financial asset
nonfinancial asset,intangible assets
change in the reporting entity,business combination
change in the reporting entity,reporting entity
change in the reporting entity,variable interest entity
change in the reporting entity,consolidated financial statements
change in the reporting entity,combined financial statements
consolidated financial statements,consolidated group
chapter 11,bankruptcy code
chapter 7,bankruptcy code
charitable gift annuities,split-interest agreement
charitable gift annuities,not-for-profit entity
split-interest agreement,remainder interest
split-interest agreement,not-for-profit entity
split-interest agreement,lead interest
charitable lead annuity trust,split-interest agreement
charitable lead annuity trust,not-for-profit entity
charitable lead trust,split-interest agreement
charitable lead trust,not-for-profit entity
charitable lead unitrust,fair value
charitable lead unitrust,split-interest agreement
charitable lead unitrust,not-for-profit entity
charitable remainder annuity trust,split-interest agreement
charitable remainder annuity trust,not-for-profit entity
charitable remainder unitrust,fair value
charitable remainder unitrust,split-interest agreement
charitable remainder unitrust,not-for-profit entity
claims stabilization reserve,general account
claims stabilization reserve,separate account
claims stabilization reserve,mortality risk
claims stabilization reserve,cost of insurance
claims stabilization reserve,policy account balance
general account,separate account
class of financing receivable,financing receivable
class of financing receivable,credit risk
credit risk,fair value
credit risk,benchmark interest rate
credit risk,cash flow hedge
credit risk,financial asset
credit risk,fair value hedge
cleanup call option,beneficial interests
cleanup call option,benefits of servicing
cleanup call option,financial asset
cleanup call option,transferred financial assets
transferred financial assets,financial asset
transferred financial assets,participating interest
closed-form model,fair value
closed-form model,lattice model
closed-form model,underlying asset
lattice model,fair value
lattice model,financial instrument
lattice model,closed-form model
closure,hazardous waste
coding,detail program design
collateral,security interest
collateral assignment split-dollar life insurance,insurance policy
collateralized financing entity,fair value
collateralized financing entity,beneficial interests
collateralized financing entity,financial asset
collateralized financing entity,nonfinancial asset
collateralized financing entity,variable interest entity
commencement date of the lease commencement date,underlying asset
committed to be released,employee stock ownership plan
common interest realty associations,common property
communication date,one-time employee termination benefits
compensation plan,net assets
net assets,net assets with donor restrictions
net assets,donor-imposed restriction
net assets,net assets without donor restrictions
net assets,not-for-profit entity
compliance environmental credit,environmental credit obligation
compliance environmental credit,environmental credit
environmental credit obligation,environmental credit
environmental credit,nonreciprocal transfer
environmental credit,financial asset
environmental credit,environmental credit obligation
component of an entity,asset group
component of an entity,reporting unit
component of an entity,operating segment
reporting unit,operating segment
operating segment,public entity
comprehensive income,other comprehensive income
comprehensive income,net assets
conditional contribution,donor-imposed condition
conditional promise to give,donor-imposed condition
conditional promise to give,promise to give
condominium,undivided interest
conduit debt security,reporting entity
confirmed plan,chapter 11
confirmed plan,plan of reorganization
confirmed plan,bankruptcy code
plan of reorganization,chapter 11
plan of reorganization,bankruptcy code
plan of reorganization,bankruptcy court
consent decree,remedial action
remedial action,hazardous substance
remedial action,natural resources
remedial action,corrective action
consolidation,reporting entity
contingencies,loss contingency
contingencies,gain contingency
contingent consideration,equity interests
contingent issuance,common stock
contingent stock agreement,contingently issuable shares
contingent stock agreement,business combination
contingent stock agreement,common stock
contingently issuable shares,cash consideration
contingently issuable shares,contingent stock agreement
contingently convertible instruments,preferred stock
preferred stock,common stock
continuing franchise fees,franchise agreement
franchise agreement,in force
continuing involvement,transferred financial assets
contract period,coverage period
contract period,in force
coverage period,contract period
contract value,unallocated contract
unallocated contract,plan participant
contractually specified component,nonfinancial asset
contribution,nonreciprocal transfer
contribution,conditional contribution
contribution,unconditional promises to give
contribution,inherent contribution
unconditional promises to give,promise to give
inherent contribution,net assets
contributions receivable,firm commitment
firm commitment,foreign currency
firm commitment,functional currency
controlled amortization method,liquidation method
conversion rate,common stock
conversion rate,convertible security
convertible security,conversion rate
convertible security,preferred stock
convertible security,common stock
corporate joint venture,joint venture
corporate joint venture,noncontrolling interest
joint venture,equity interests
joint venture,corporate joint venture
noncontrolling interest,net assets
corrective action,hazardous waste
cost-sharing provisions of the plan,active plan participants
cost-sharing provisions of the plan,plan participant
cost-sharing provisions of the plan,postretirement benefit plan
cost-sharing provisions of the plan,postretirement health care benefits
costs of joint activities,joint costs
costs of joint activities,joint activity
credit derivative,credit risk
credit quality indicator,financial asset
crops,agricultural producers
currency risk,fair value
currency risk,exchange rate
currency risk,financial instrument
current assets,operating cycle
current cost-constant purchasing power,consumer price index for all urban consumers
current cost-constant purchasing power,functional currency
current cost-constant purchasing power,recoverable amount
current liabilities,current assets
current shareholders,measurement date
current tax expense or benefit,income taxes
current tax expense or benefit,taxable income
curtailment of a defined benefit postretirement plan,active plan participants
day-one bonuses,immediate bonus
dealer market,financial instrument
debt security,preferred stock
debt security,futures contracts
debt security,lending activities
lending activities,standby letters of credit
debtor-in-possession,chapter 11
decision maker,legal entity
decision-making authority,legal entity
deductible temporary difference,temporary difference
temporary difference,tax consequences
temporary difference,tax position
deferred acquisition costs tax,policy account balance
deferred acquisition costs tax,acquisition costs
deferred tax asset,valuation allowance
deferred tax asset,deductible temporary difference
deferred tax asset,deferred tax consequences
valuation allowance,deferred tax asset
deferred tax consequences,income taxes
deferred tax consequences,temporary difference
deferred tax expense or benefit,business combination
deferred tax liability,deferred tax consequences
defined benefit plan,multiemployer plan
defined benefit plan,plan participant
defined benefit plan,postretirement benefit plan
defined benefit plan,postretirement benefits
multiemployer plan,separate account
multiemployer plan,not-for-profit entity
multiemployer plan,postretirement benefit plan
defined contribution plan,administrative expenses
defined contribution plan,plan participant
defined contribution plan,postretirement benefits
delayed equity investment,lease inception
delayed equity investment,leveraged lease
derivative financial instrument,financial instrument
derived service period,fair value
derived service period,lattice model
derived service period,share option
derived service period,requisite service period
derived service period,grant date
derived service period,service inception date
requisite service period,service condition
grant date,equity shares
grant date,service inception date
service inception date,grant date
service inception date,requisite service period
diluted earnings per share,common stock
direct effects of a change in accounting principle,change in accounting principle
direct financing lease,operating lease
operating lease,sales-type lease
operating lease,direct financing lease
operating lease,finance lease
direct loan,employee stock ownership plan
direct loan origination costs,incremental direct costs
disclosure statement,plan of reorganization
discount rate adjustment technique,present value
discount rate adjustment technique,discount rate
discount rate for the lease,incremental borrowing rate
discount rate for the lease,rate implicit in the lease
incremental borrowing rate,lease payments
rate implicit in the lease,fair value
rate implicit in the lease,present value
rate implicit in the lease,initial direct costs
rate implicit in the lease,underlying asset
disposal,hazardous substance
disposal,hazardous waste
hazardous substance,hazardous waste
distribution-form demutualization,policy credits
dividend scales,lapse rate
lapse rate,insurance contracts
dividend to policyholders,terminal dividends
dividend to policyholders,insurance contracts
dividend to policyholders,annual policyholder dividends
dividends,stock split
dividends,stock dividend
dollar-roll repurchase agreement,repurchase agreement
repurchase agreement,financial asset
donor-imposed restriction,not-for-profit entity
donor-restricted endowment fund,endowment fund
donor-restricted endowment fund,board-designated endowment fund
donor-restricted support,net assets with donor restrictions
down round feature,financial instrument
down round feature,exercise price
dropdown,limited partnership
dropdown,net assets
earnings or losses of an investee,net income
net income,other comprehensive income
economic interest,not-for-profit entity
economic interest in the entity,financial instrument
effective date of the modification,lease modification
lease modification,underlying asset
lease modification,lease term
effective interest rate,purchased financial assets with credit deterioration
effective interest rate,financial asset
purchased financial assets with credit deterioration,financial asset
purchased financial assets with credit deterioration,amortized cost basis
effective notional amount,notional amount
notional amount,face amount
electronic tickets,paper tickets
embedded call option,financial instrument
embedded call option,call option
embedded credit derivative,embedded derivative
embedded credit derivative,credit derivative
employee compensation,termination benefits
employee compensation,defined contribution plan
employee compensation,defined benefit plan
employee compensation,cash consideration
employee compensation,multiemployer plan
employee compensation,postretirement benefits
employee compensation,nonretirement postemployment benefits
employee compensation,service cost component of net periodic pension cost
employee compensation,pension benefits
employee compensation,share-based payment arrangements
employee compensation,service cost component of net periodic postretirement benefit cost
employee compensation,one-time employee termination benefits
employee compensation,other postemployment benefits
employee compensation,employee stock ownership plan
termination benefits,special termination benefits
nonretirement postemployment benefits,inactive employees
service cost component of net periodic pension cost,projected benefit obligation
service cost component of net periodic pension cost,actuarial present value
service cost component of net periodic pension cost,benefit formula
service cost component of net periodic pension cost,net periodic pension cost
share-based payment arrangements,share option
share-based payment arrangements,service condition
share-based payment arrangements,equity shares
service cost component of net periodic postretirement benefit cost,expected postretirement benefit obligation
service cost component of net periodic postretirement benefit cost,actuarial present value
other postemployment benefits,inactive employees
other postemployment benefits,termination benefits
employer loan,employee stock ownership plan
endorsement split-dollar life insurance,insurance policy
enhanced 12b-1 plan,excess costs
equitable right of redemption,financial asset
equity kicker,expected residual profit
equity restructuring,fair value
equity restructuring,stock split
equity restructuring,stock dividend
equity security,preferred stock
equity security,put option
equity security,call option
equity-indexed annuity,annuity contract
estimated residual value,fair value
estimated residual value,lease term
lease term,underlying asset
exchange market,fair value
exempt and nonexempt cooperatives,taxable income
exercise contingency,financial instrument
existing contract,nonintegrated contract features
nonintegrated contract features,base contract
expected long-term rate of return on plan assets,plan assets
expected losses,fair value
expected losses,legal entity
expected losses,net assets
expected losses,variable interests
expected losses,variable interest entity
expected losses,net income
variable interests,fair value
variable interests,legal entity
variable interests,net assets
variable interests,equity interests
variable interests,primary beneficiary
variable interests,variable interest entity
variable interests,expected losses
variable interests,expected residual returns
expected losses and expected residual returns,present value
expected losses and expected residual returns,expected variability
expected losses and expected residual returns,variable interest entity
expected losses and expected residual returns,expected cash flow
expected losses and expected residual returns,expected losses
expected losses and expected residual returns,expected residual returns
expected variability,fair value
expected variability,legal entity
expected variability,net assets
expected residual returns,fair value
expected residual returns,net assets
expected residual returns,variable interests
expected residual returns,variable interest entity
expected return on plan assets,fair value
expected return on plan assets,market-related value of plan assets
expected return on plan assets,expected long-term rate of return on plan assets
expected return on plan assets,plan assets
market-related value of plan assets,fair value
market-related value of plan assets,calculated value
market-related value of plan assets,plan assets
market-related value of plan assets,expected return on plan assets
expenditures,capitalization rate
explicit,grant date
explicit,requisite service period
explicit,derived service period
explicit,terms of a share-based payment award
terms of a share-based payment award,share option
terms of a share-based payment award,exercise price
exploration,exploratory well
exploration,stratigraphic test well
exploratory well,stratigraphic test well
orderly transaction,measurement date
market participants,fair value
market participants,reporting entity
fed funds effective rate overnight index swap rate,fair value
fed funds effective rate overnight index swap rate,present value
federal home loan mortgage corporation,undivided interest
film group,license agreement
film group,unit of account
final-pay,benefit formula
final-pay,pension benefits
financial highlights,time of issuance
financial highlights,theoretical investment
theoretical investment,financial highlights
financial liability,financial instrument
financially interrelated entity,ongoing economic interest in the net assets of the other
financially interrelated entity,recipient entity
ongoing economic interest in the net assets of the other,not-for-profit entity
ongoing economic interest in the net assets of the other,net assets
foreign currency,foreign entity
foreign currency,functional currency
fixed participation method,liquidation method
lump-sum contract,fixed-price contract
flat-benefit plans,benefit formula
floating participation method,liquidation method
foreign entity,reporting currency
foreign entity,joint venture
foreign entity,reporting entity
foreign currency statements,reporting currency
foreign currency statements,reporting entity
foreign currency statements,functional currency
reporting currency,reporting entity
foreign currency transactions,reporting entity
foreign currency transactions,foreign currency
foreign currency transactions,functional currency
foreign currency translation,reporting currency
foreign currency translation,reporting entity
foreign exchange risk,fair value
foreign exchange risk,foreign currency
formation date,joint venture
formation date,legal entity
formation date,measurement date
forward commitment dollar rolls,government national mortgage association
government national mortgage association,mortgage-backed securities
forward exchange contracts,exchange rate
fraternal benefit societies,insurance contracts
freestanding call option,call option
freestanding contract,financial instrument
freestanding financial instruments,financial instrument
front-end fee,initiation or front-end fees
fronting arrangements,ceding entity
fronting arrangements,assuming entity
fronting arrangements,insurance risk
insurance risk,underwriting risk
insurance risk,timing risk
full eligibility for benefits,full eligibility date
full eligibility for benefits,postretirement benefit plan
fully benefit-responsive investment contracts,investment contracts
fully benefit-responsive investment contracts,contract value
fully benefit-responsive investment contracts,plan termination
fully benefit-responsive investment contracts,plan participant
plan termination,insurance contracts
plan termination,postretirement benefit plan
fully eligible plan participants,full eligibility date
functional expense classification,not-for-profit entity
functional expense classification,program services
functional expense classification,supporting activities
program services,not-for-profit entity
supporting activities,management and general activities
supporting activities,not-for-profit entity
supporting activities,program services
fund,funding agency
fund,pension benefits
funding agency,life insurance entity
life insurance entity,insurance contracts
life insurance entity,mutual entities
funding policy,postretirement benefit plan
funding policy,plan participant
gain or loss,projected benefit obligation
gain or loss,net periodic postretirement benefit cost
gain or loss,other comprehensive income
gain or loss,substantive plan
gain or loss,net periodic pension cost
gain or loss,postretirement benefit plan
gain or loss,accumulated postretirement benefit obligation
gain or loss,plan assets
gain or loss,expected return on plan assets
gain or loss,actual return on plan assets
net periodic postretirement benefit cost,gain or loss
net periodic postretirement benefit cost,transition obligation
net periodic postretirement benefit cost,postretirement benefit plan
net periodic postretirement benefit cost,actual return on plan assets
net periodic postretirement benefit cost,prior service cost
net periodic postretirement benefit cost,interest cost
substantive plan,postretirement benefit plan
substantive plan,postretirement benefits
gain or loss component of net periodic postretirement benefit cost,net periodic postretirement benefit cost
gain or loss component of net periodic postretirement benefit cost,other comprehensive income
gain or loss component of net periodic postretirement benefit cost,substantive plan
gain or loss component of net periodic postretirement benefit cost,gain or loss
gain or loss component of net periodic postretirement benefit cost,accumulated postretirement benefit obligation
gain or loss component of net periodic postretirement benefit cost,expected return on plan assets
gain or loss component of net periodic postretirement benefit cost,actual return on plan assets
gains and losses included in comprehensive income but excluded from net income,fair value
gains and losses included in comprehensive income but excluded from net income,other comprehensive income
gains and losses included in comprehensive income but excluded from net income,foreign currency translation
goodwill,acquisition by a not-for-profit entity
goodwill,business combination
goodwill,joint venture
government grant,fair value
government grant,not-for-profit entity
mortgage-backed securities,government national mortgage association
mortgage-backed securities,undivided interest
mortgage-backed securities,federal home loan mortgage corporation
mortgage-backed securities,federal national mortgage association
government national mortgage association gnma rolls,mortgage-backed securities
government national mortgage association gnma rolls,government national mortgage association
government national mortgage association gnma rolls,forward commitment dollar rolls
government national mortgage association gnma rolls,repurchase agreement
grant related to an asset,government grant
grant related to income,grant related to an asset
grant related to income,government grant
gross premium,net premiums
net premiums,present value
net premiums,insurance contracts
net premiums,gross premium
net premiums,acquisition costs
group insurance,contract period
group participating pension contracts,total return
guaranteed interest rate,cash surrender value
guaranteed minimum accumulation benefit,annuity contract
guaranteed minimum withdrawal benefit,contract value
hazardous waste constituents,hazardous waste
hedged layer,financial asset
hedged layer,financial instrument
hedged layer,beneficial interests
high-yield debt securities,junk bonds
junk bonds,high-yield debt securities
highest and best use,nonfinancial asset
highest and best use,market participants
holding gain or loss,fair value
hybrid instrument,embedded derivative
if-converted method,time of issuance
impaired claims,equity interests
impairment,fair value
impairment,carrying amount
impairment,asset group
implicit,share option
implicit,requisite service period
implicit,product design
implicit,derived service period
implicit,terms of a share-based payment award
imputed interest rate,present value
in-substance common stock,common stock
incidental operations,intended use
income approach,fair value
income available to common stockholders,preferred stock
income available to common stockholders,net income
income from continuing operations,income taxes
income from continuing operations,accounting change
income from continuing operations,recoverable amount
income from continuing operations,translation adjustment
translation adjustment,reporting currency
translation adjustment,functional currency
incremental costs from incidental operations,incidental operations
incremental revenue from incidental operations,incidental operations
incurred claims cost,plan participant
incurred claims cost,postretirement health care benefits
indirect effects of a change in accounting principle,net income
indirect effects of a change in accounting principle,change in accounting principle
indirect guarantee of indebtedness,direct guarantee of indebtedness
indirect guarantee of indebtedness,working capital
indirect guarantee of indebtedness,net income
working capital,current liabilities
working capital,operating cycle
working capital,current assets
indirect loan,employee stock ownership plan
inputs,fair value
inputs,market participants
intangible asset class,intangible assets
intangible assets,financial asset
integrated contract features,base contract
interest method,interest cost
interest method,face amount
interest rate risk,fair value
interest rate risk,financial instrument
interest rate risk,benchmark interest rate
interest-only strips,financial asset
interinsurance exchange,reciprocal exchange
intermediary,recipient entity
internal derivative,consolidated group
internal derivative,foreign currency
internal replacement,contract exchange
internal reserve method,government national mortgage association
intra-entity derivatives,consolidated group
intrinsic value,fair value
intrinsic value,exercise price
inventory,ordinary course of business
investing activities,productive assets
investment fund options,separate account
investment fund options,defined contribution plan
issued issuance or issuing of an equity instrument,financial instrument
issuer,financial instrument
issuer,equity shares
issuer equity shares,consolidated financial statements
issuer equity shares,equity shares
joint and several,hazardous substance
kick-out rights vie definition,without cause
without cause,limited partnership
kick-out rights voting interest entity definition,limited partnership
kick-out rights voting interest entity definition,without cause
land development costs,permanent land development costs
land development costs,development costs
permanent land development costs,land development costs
lead interest,split-interest agreement
lease liability,lease payments
lease receivable,lease term
lease receivable,sales-type lease
lease receivable,direct financing lease
lease receivable,underlying asset
lease receivable,lease payments
sales-type lease,operating lease
legal obligations,promissory estoppel
standby letters of credit,commercial letters of credit
lessee,underlying asset
lessor,underlying asset
level 1 inputs,measurement date
level 1 inputs,active market
level 1 inputs,reporting entity
level 3 inputs,unobservable inputs
unobservable inputs,market participants
licensing agreement,license agreement
life settlement contract,cash surrender value
life settlement contract,insurance policy
life annuity and health insurance entities,insurance contracts
life annuity and health insurance entities,mutual entities
limited life land development costs,land development costs
limited-payment contracts,insurance contracts
line of credit arrangement,loan commitment
liquidity,financial flexibility
liquidity,donor-imposed restriction
livestock,agricultural producers
lock-box arrangement,ordinary course of business
lock-box arrangement,working capital
lock-up options,business combination
london interbank offered rate libor,fair value
london interbank offered rate libor,present value
london interbank offered rate libor swap rate,fair value
london interbank offered rate libor swap rate,present value
long-term care benefit,accumulation phase
long-term obligations,operating cycle
loss,gain or loss
maintenance costs,insurance contracts
make-whole provision,fair value
management and general activities,supporting activities
mandatorily redeemable financial instruments,financial instrument
market,fair value
market,equity security
market,common stock
market,intrinsic value
market,exercise price
market risk,interest rate risk
market risk,fair value
market risk,financial instrument
market risk,other price risk
other price risk,interest rate risk
other price risk,fair value
other price risk,financial instrument
other price risk,currency risk
market risk benefit,market risk
marketing cooperatives,agricultural producers
merger of not-for-profit entities,not-for-profit entity
mineral resource assets,mineral interests
minimum lease payments,lease term
minimum lease payments,fair value
minimum lease payments,special-purpose entity
minimum lease payments,lease payments
minimum lease payments,lease inception
minimum lease payments,residual value
minimum lease payments,residual value guarantee
special-purpose entity,beneficial interests
residual value,fair value
residual value,useful life
residual value guarantee,underlying asset
minimum premium plan arrangements,fully insured experience-rated arrangements
mining entities,natural resources
monetary assets or liabilities,monetary assets
monetary value,fair value
monetary value,financial instrument
mortality,pension benefits
mortgage guaranty insurance entities,insurance contracts
most advantageous market,transaction costs
most advantageous market,transportation costs
multiple-employer plan,separate account
multiple-employer plan,multiemployer plan
multiple-employer plan,benefit formula
multiple-employer plan,plan assets
multiple-employer plan,postretirement benefit plan
net amount at risk relating to variable annuity contracts,present value
net asset information,net assets available for benefits
net assets available for benefits,accumulated plan benefits
net asset value per share,preferred stock
net asset value per share,net assets
net carrying amount of the extinguished debt,carrying amount
net cash settlement,financial instrument
net income unitrust,fair value
net income unitrust,split-interest agreement
net income unitrust,not-for-profit entity
net income unitrust,net income
net incurred claims costs,incurred claims cost
net incurred claims costs,plan participant
net incurred claims costs,postretirement health care benefits
net investment in the lease,direct financing lease
net investment in the lease,unguaranteed residual asset
net investment in the lease,lease receivable
net investment in the lease,sales-type lease
unguaranteed residual asset,underlying asset
unguaranteed residual asset,lease term
net level premium reserve,net premiums
net level premium reserve,present value
transition asset,fair value
transition asset,plan assets
transition asset,accumulated postretirement benefit obligation
net realizable value,ordinary course of business
net worth,income taxes
net worth,estimated current value
new basis event,remeasurement event
remeasurement event,fair value
remeasurement event,financial instrument
remeasurement event,business combination
nominee shareholder,without cause
noncompliance environmental credit,compliance environmental credit
noncompliance environmental credit,environmental credit
noncontributory plan,postretirement benefit plan
nonmanaging investors,financial highlights
nonmember of an agricultural cooperative,agricultural cooperative
nonmonetary assets or liabilities,common stock
nonparticipating annuity contract,annuity contract
nonperformance risk,credit risk
nonperformance risk,reporting entity
nonvested benefit information,accumulated plan benefits
nonvested benefit information,actuarial present value
obligation,financial instrument
obligation,equity shares
obligations subject to compromise,prepetition liabilities
obligations subject to compromise,security interest
prepetition liabilities,bankruptcy code
prepetition liabilities,bankruptcy court
observable inputs,market participants
offering costs,preferred stock
offering costs,closed-end funds
operating activities,net income
operating activities,financing activities
public entity,not-for-profit entity
option,common stock
option,reporting entity
option,call option
ordinary income or loss,income taxes
ordinary income or loss,infrequency of occurrence
ordinary income or loss,unusual nature
original contract,internal replacement
originator acquisition cost,mortgage banking entity
orphan share potentially responsible party,potentially responsible party
potentially responsible party,legal entity
potentially responsible party,participating potentially responsible party
potentially responsible party,recalcitrant potentially responsible party
owners,net assets
owners,equity interests
owners,mutual entities
owners association,homeowners association
parent,primary beneficiary
parent,variable interest entity
parity adjustment,net assets
parity adjustment,exchange rate
parity adjustment,translation adjustment
parity adjustment,functional currency
participant,accumulated plan benefits
participating annuity contract,annuity contract
participating rights voting interest entity definition,limited partnership
participating rights voting interest entity definition,ordinary course of business
participating security,common stock
participation right,participating insurance
patronage allocation,patronage earnings
patrons,agricultural cooperative
patrons,member of an agricultural cooperative
patrons,nonmember of an agricultural cooperative
pay-related plan,benefit formula
penalty,tax consequences
penalty,underlying asset
tax consequences,income taxes
pension fund,funding agency
performance condition,fair value
performance condition,earnings per share
performance condition,transaction price
performance condition,exercise price
performance indicator,income from continuing operations
periodic ratchet design,equity-indexed annuity
permanent investor,federal national mortgage association
perpetual trust held by a third party,not-for-profit entity
persistency,insurance contracts
persistency,in force
persistency bonus,in force
petition,bankruptcy code
phase,owners association
phase-in plans,allowable costs
physical settlement,financial instrument
plan of demutualization,plan of reorganization
plan benefit formula,benefit formula
plans,substantive plan
plans,postretirement benefits
point-to-point design,equity-indexed annuity
pooled income funds,fair value
pools,marketing cooperatives
postpetition liabilities,prepetition liabilities
postretirement benefits other than pensions,postretirement benefits
potential common stock,common stock
preliminary project stage,performance requirements
prematurity period,cable television plant
prepaid interest rate swap,effective notional amount
prepaid interest rate swap,fair value
preset participation method,liquidation method
preset participation method,fixed participation method
prior service costs,supplemental actuarial value
supplemental actuarial value,actuarial cost method
private company,public business entity
private company,not-for-profit entity
public business entity,not-for-profit entity
proceeds,servicing assets
proceeds,derivative instruments
proceeds,beneficial interests
proceeds,financial asset
servicing assets,financial asset
servicing assets,benefits of servicing
product enhancement,product design
production,saleable hydrocarbons
production,natural resources
programmatic investing,total return
programmatic investing,not-for-profit entity
properties,unproved properties
properties,mineral interests
properties,proved properties
property and casualty insurance entities,insurance contracts
property and casualty insurance entities,property and liability insurance entities
property and casualty insurance entities,mutual entities
property and liability insurance entities,insurance contracts
property and liability insurance entities,mutual entities
proprietary transactions,financial instrument
prospective reinsurance,ceding entity
prospective reinsurance,retroactive reinsurance
prospective reinsurance,assuming entity
retroactive reinsurance,ceding entity
retroactive reinsurance,assuming entity
protective rights vie definition,franchise agreement
protective rights vie definition,credit risk
protective rights vie definition,operating activities
protective rights vie definition,reporting entity
protective rights voting interest entity definition,limited partnership
protective rights voting interest entity definition,ordinary course of business
providers of prepaid health care services,stop-loss insurance
publicly traded companies,reporting entity
publicly traded entity,nonpublic entity
purchased call options,call option
purchased call options,reporting entity
purchasing power gain or loss,monetary assets
purchasing power gain or loss,gain or loss
reacquisition price of debt,present value
readily convertible to cash,active market
readily determinable fair value,fair value
readily determinable fair value,limited partnership
readily determinable fair value,equity security
real estate investment trusts,taxable income
real estate venture,joint venture
real estate venture,limited partnership
real estate venture,general partnership
real estate venture,undivided interest
reclassification adjustments,other comprehensive income
reclassification adjustments,net income
reclassification adjustments,comprehensive income
reclassification of net assets,donor-imposed restriction
reclassification of net assets,net assets
recorded investment,valuation allowance
recorded investment,fair value hedge
registration payment arrangement,financial instrument
registration payment arrangement,equity shares
regular-way trades,financial instrument
reimbursement plan,net assets
reimbursement plan,contingent-deferred sales load
reinsurance,ceding entity
reinsurance,assuming entity
reinsurer,assuming entity
related-party,fair value
relative fair value before construction,fair value
release,hazardous substance
reload feature and reload option,exercise price
remainder interest,split-interest agreement
removal actions,hazardous substance
reorganization,limited partnership
reorganization proceeding,chapter 11
reorganization value,net realizable value
replaced contract,internal replacement
replacement contract,internal replacement
reporting date,net assets available for benefits
repurchase agreement accounted for as a collateralized borrowing,repurchase agreement
repurchase financing,financial asset
repurchase financing,repurchase agreement
repurchase-to-maturity transaction,financial asset
repurchase-to-maturity transaction,repurchase agreement
service condition,fair value
service condition,requisite service period
service condition,exercise price
restate-translate,parity adjustment
restate-translate,foreign currency
restate-translate,functional currency
restricted share,requisite service period
restricted share,immediate family
restricted share,nonvested shares
retains,patronage earnings
retirees,plan participant
retrospective application,reporting entity
reunderwriting,insurance risk
reverse acquisitions,equity interests
reverse treasury stock method,put option
reverse treasury stock method,common stock
revised financial statements,retrospective application
revolving-period securitizations,special-purpose entity
right-of-use asset,underlying asset
right-of-use asset,lease term
rights issue,fair value
rights issue,common stock
risk premium,market participants
rollout,limited partnership
rollup,limited partnership
rotable parts,expendable parts
row crop,field and row crops
sales inducements,immediate bonus
sales inducements,investment yield
sales inducements,enhanced-crediting-rate bonus
sales inducements,persistency bonus
secured overnight financing rate sofr overnight index swap rate,fair value
secured overnight financing rate sofr overnight index swap rate,present value
securities industry and financial markets association sifma municipal swap rate,fair value
securities industry and financial markets association sifma municipal swap rate,present value
securitizations,financial asset
seed money,separate account
seller,financial asset
seller subsidies,owners association
selling profit or selling loss,fair value
selling profit or selling loss,initial direct costs
selling profit or selling loss,carrying amount
selling profit or selling loss,underlying asset
selling profit or selling loss,lease receivable
selling profit or selling loss,unguaranteed residual asset
selling profit or selling loss,lease payments
separate account arrangement,separate account
separately priced contracts,extended warranty
servicing liabilities,benefits of servicing
servicing liabilities,contractually specified servicing fees
settlement,share option
settlement period,ceding entity
share-based payment transactions,economic interest
short-term lease,lease term
short-term lease,underlying asset
short-term obligations,working capital
short-term obligations,operating cycle
significant activities,income taxes
significant activities,component of an entity
significant activities,oil- and gas-producing activities
single premium deferred annuity,general account
single-employer plan,postretirement benefit plan
spending rate,total return
spot rate,exchange rate
springing lock-box arrangement,subjective acceleration clause
standard antidilution provisions,equity restructuring
standard representations and warranties,financial asset
statement of changes in net assets in liquidation,net assets
statement of net assets in liquidation,net assets
stock appreciation right,fair value
stop-loss arrangements,administrative service arrangements
stop-loss arrangements,plan participant
stop-loss arrangements,stop-loss insurance
structured note,exchange rate
stub period,reset date
stub rate,stub period
sublease,underlying asset
subordinated financial support,variable interest entity
subordinated financial support,expected losses
subordinated financial support,variable interests
subsequent events,financial statements are issued
subsidiary,primary beneficiary
subsidiary,variable interest entity
substantial doubt about an entity ability to continue as a going concern,financial statements are issued
substantial doubt about an entity ability to continue as a going concern,financial statements are available to be issued
substantive conversion feature,call option
substantive conversion feature,reasonably possible
supply,purchasing cooperative
support equipment and facilities,oil- and gas-producing activities
surplus notes,financial instrument
suspense shares,committed to be released
suspense shares,employee stock ownership plan
synthetic instrument accounting,financial instrument
systematic risk,market participants
tail coverage,insurance policy
tax or benefit,income taxes
tax position,income taxes
tax position,taxable income
tax position,not-for-profit entity
tax position,deferred tax asset
tax-planning strategy,valuation allowance
tax-planning strategy,deferred tax asset
taxable,temporary difference
tentative minimum tax,alternative minimum tax
term endowment,endowment fund
terminal value,present value
terminal value,working capital
terminal value,residual value
terminal value,reorganization value
termination,insurance contracts
termination,cash surrender value
termination rates,insurance contracts
testing,product design
testing,performance requirements
time of the restructuring,troubled debt restructuring
time value of an option,fair value
time value of an option,intrinsic value
time-sharing,floating time
time-sharing,undivided interest
title insurance entities,insurance contracts
top-off,make-whole provision
top-up shares,fair value
top-up shares,employee stock ownership plan
trading,holding period
trading,mortgage banking entity
trading,near term
traditional 12b-1 plan,board-contingent plan
traditional 12b-1 plan,plan termination
traditional 12b-1 plan,reimbursement plan
traditional variable annuity,separate account
transaction gain or loss,foreign currency transactions
transaction gain or loss,exchange rate
transaction gain or loss,foreign currency
transaction gain or loss,functional currency
transferee,financial asset
transferor,financial asset
translate-restate,consumer price index for all urban consumers
translate-restate,functional currency
translation,foreign currency translation
treasury stock method,common stock
unconditional purchase obligations,throughput contracts
underlying,exchange rate
underlying,payment provision
underlying,notional amount
undersecured claim,secured claim
underwater endowment fund,fair value
underwater endowment fund,donor-restricted endowment fund
underwater endowment fund,reporting date
unfunded accumulated postretirement benefit obligation,fair value
unfunded accumulated postretirement benefit obligation,plan assets
unfunded accumulated postretirement benefit obligation,accumulated postretirement benefit obligation
unfunded projected benefit obligation,projected benefit obligation
unfunded projected benefit obligation,plan assets
unguaranteed residual value,estimated residual value
unguaranteed residual value,residual value
unitized,financial highlights
unknown potentially responsible party,potentially responsible party
unproven potentially responsible party,potentially responsible party
unrecognized tax benefit,tax position
variable lease payments,underlying asset
variance power,recipient entity
vest,requisite service period
vest,performance condition
vest,service condition
vested benefit information,accumulated plan benefits
vested benefit information,actuarial present value
vested benefit obligation,vested benefits
vested benefit obligation,actuarial present value
vested benefits,pension fund
voluntary health and welfare entity,not-for-profit entity
warrant,common stock
warranty,nonfinancial asset
wells and related equipment and facilities,development wells
wells and related equipment and facilities,stratigraphic test well
wells and related equipment and facilities,service wells
wells and related equipment and facilities,exploratory well
whole-life contracts,insurance contracts
whole-life contracts,nonforfeiture benefits
whole-life contracts,in force
with cause,limited partnership
workout expenditures,capital infusions
zero-coupon method,present value
zero-coupon method,discount rate
